-- MySQL dump 10.13  Distrib 8.0.27, for Win64 (x86_64)
--
-- Host: 127.0.0.1    Database: yuanzhe
-- ------------------------------------------------------
-- Server version	8.0.27

/*!40101 SET @OLD_CHARACTER_SET_CLIENT=@@CHARACTER_SET_CLIENT */;
/*!40101 SET @OLD_CHARACTER_SET_RESULTS=@@CHARACTER_SET_RESULTS */;
/*!40101 SET @OLD_COLLATION_CONNECTION=@@COLLATION_CONNECTION */;
/*!50503 SET NAMES utf8 */;
/*!40103 SET @OLD_TIME_ZONE=@@TIME_ZONE */;
/*!40103 SET TIME_ZONE='+00:00' */;
/*!40014 SET @OLD_UNIQUE_CHECKS=@@UNIQUE_CHECKS, UNIQUE_CHECKS=0 */;
/*!40014 SET @OLD_FOREIGN_KEY_CHECKS=@@FOREIGN_KEY_CHECKS, FOREIGN_KEY_CHECKS=0 */;
/*!40101 SET @OLD_SQL_MODE=@@SQL_MODE, SQL_MODE='NO_AUTO_VALUE_ON_ZERO' */;
/*!40111 SET @OLD_SQL_NOTES=@@SQL_NOTES, SQL_NOTES=0 */;

--
-- Table structure for table `cer`
--

DROP TABLE IF EXISTS `cer`;
/*!40101 SET @saved_cs_client     = @@character_set_client */;
/*!50503 SET character_set_client = utf8mb4 */;
CREATE TABLE `cer` (
  `version` int NOT NULL COMMENT 'ç‰ˆæœ¬å·',
  `serial_number` varchar(255) CHARACTER SET utf8 COLLATE utf8_general_ci NOT NULL COMMENT 'åºåˆ—å·',
  `issuer_DN` varchar(255) CHARACTER SET utf8 COLLATE utf8_general_ci NOT NULL COMMENT 'é¢å‘è€…',
  `start_date` datetime NOT NULL COMMENT 'ç”Ÿæ•ˆæ—¶é—´',
  `final_date` datetime NOT NULL COMMENT 'å¤±æ•ˆæ—¶é—´',
  `modify_date` datetime DEFAULT NULL COMMENT 'å˜åŠ¨æ—¶é—´',
  `subject_DN` varchar(255) CHARACTER SET utf8 COLLATE utf8_general_ci NOT NULL COMMENT 'ä½¿ç”¨è€…',
  `public_key` varchar(255) CHARACTER SET utf8 COLLATE utf8_general_ci NOT NULL COMMENT 'å…¬é’¥ï¼Œä¸æ˜¾ç¤º',
  `signature_algorithm` varchar(255) CHARACTER SET utf8 COLLATE utf8_general_ci NOT NULL COMMENT 'ç­¾åç®—æ³•',
  `signature` text CHARACTER SET utf8 COLLATE utf8_general_ci NOT NULL COMMENT 'è¯ä¹¦ç­¾å',
  `status` int NOT NULL DEFAULT '1' COMMENT '1ä»£è¡¨æœ‰æ•ˆï¼Œ0ä»£è¡¨æ³¨é”€',
  `revoke_reason` text COMMENT 'æ’¤é”€ç†ç”±',
  PRIMARY KEY (`serial_number`)
) ENGINE=InnoDB DEFAULT CHARSET=utf8mb3 COMMENT='è¯ä¹¦è¡¨';
/*!40101 SET character_set_client = @saved_cs_client */;

--
-- Dumping data for table `cer`
--

LOCK TABLES `cer` WRITE;
/*!40000 ALTER TABLE `cer` DISABLE KEYS */;
INSERT INTO `cer` VALUES (1,'16536043013348820578','C=CN,ST=Shanghai,L=Shanghai,O=VCCCTV\\ ,OU=YZ,CN=YZ,E=65364223@163.com','2021-03-22 17:49:45','2022-03-17 17:49:45','2022-01-11 00:00:00','C=CN,ST=sh,L=sh,O=YZ,OU=YZ,CN=YZ,E=525451008@qq.com','MFkwEwYHKoZIzj0CAQYIKoEcz1UBgi0DQgAEAr/TsIzMFdpTPMvwjykt6H7EswG9/9Tzm081vXBmLNEWqq2MIsWzFc/1DlpF5c0/shoxEGNvgh41yLGfhDYX3w==','SM3WITHSM2','MEYCIQCDt+czWJls11SZkGdx4saAxGLfi1/P12kjOCdeitv4jwIhALO26qr4i1NZ5/MC3JxsN4WrVXjdjXfzy46vILBkUCNb',1,''),(1,'16536043013348820581','C=CN,ST=Shanghai,L=Shanghai,O=VCCCTV\\ ,OU=YZ,CN=YZ,E=65364223@163.com','2021-03-22 18:07:47','2022-03-17 18:07:47','2022-01-11 00:00:00','C=CN,ST=sh,L=sh,O=YZ,OU=YZ,CN=YZ,E=525451008@qq.com','MFkwEwYHKoZIzj0CAQYIKoEcz1UBgi0DQgAEAr/TsIzMFdpTPMvwjykt6H7EswG9/9Tzm081vXBmLNEWqq2MIsWzFc/1DlpF5c0/shoxEGNvgh41yLGfhDYX3w==','SM3WITHSM2','MEUCIAJJNOILXxXx1xYl/F0mAqLJ/n59lGbvTmNnKArFWmLsAiEA3x8I1TAFsgkP0Zc7IRaPhzPj1XLue4X03q0GXMfGi9Y=',2,''),(1,'16536043013348820582','C=CN,ST=Shanghai,L=Shanghai,O=VCCCTV\\ ,OU=YZ,CN=YZ,E=65364223@163.com','2021-03-22 18:09:37','2022-03-17 18:09:37','2022-01-12 00:00:00','C=CN,ST=sh,L=sh,O=YZ,OU=YZ,CN=YZ,E=525451008@qq.com','MFkwEwYHKoZIzj0CAQYIKoEcz1UBgi0DQgAEAr/TsIzMFdpTPMvwjykt6H7EswG9/9Tzm081vXBmLNEWqq2MIsWzFc/1DlpF5c0/shoxEGNvgh41yLGfhDYX3w==','SM3WITHSM2','MEYCIQDG5CVAb5DfzIbq1QoC0LUPyp4HcFMdXijET3oV1Oe/8gIhAN+b+QN1VH+w4A7bPH1xyCtuRQgGu5IBxjmYUhhLvpb8',1,''),(1,'16536043013348820583','C=CN,ST=Shanghai,L=Shanghai,O=VCCCTV\\ ,OU=YZ,CN=YZ,E=65364223@163.com','2021-03-22 18:09:54','2022-03-17 18:09:54','2022-01-12 00:00:00','C=CN,ST=sh,L=sh,O=YZ,OU=YZ,CN=YZ,E=525451008@qq.com','MFkwEwYHKoZIzj0CAQYIKoEcz1UBgi0DQgAEAr/TsIzMFdpTPMvwjykt6H7EswG9/9Tzm081vXBmLNEWqq2MIsWzFc/1DlpF5c0/shoxEGNvgh41yLGfhDYX3w==','SM3WITHSM2','MEUCIDD5xaf7p+zfGzBVfR8w1Fvj0opIVl60AosCf6vVWRGFAiEAzfp/fukyOC26zwcwr2BhYB/qYT/lcsSgTFuVmgSBI1w=',1,''),(1,'16536043013348820584','C=CN,ST=Shanghai,L=Shanghai,O=VCCCTV\\ ,OU=YZ,CN=YZ,E=65364223@163.com','2021-03-23 15:03:06','2024-03-21 15:03:06','2022-01-12 00:00:00','C=CN,ST=sh,L=sh,O=YZ,OU=YZ,CN=YZ,E=525451008@qq.com','MFkwEwYHKoZIzj0CAQYIKoEcz1UBgi0DQgAEAr/TsIzMFdpTPMvwjykt6H7EswG9/9Tzm081vXBmLNEWqq2MIsWzFc/1DlpF5c0/shoxEGNvgh41yLGfhDYX3w==','SM3WITHSM2','MEUCIQDiMrE7NugeMjXmOQ0HGS5jL1dFSJz32u5OKkd/lRs+oQIgEOyS/90tbDymokyS8L9gvo1QHKjiuIoDf8zBdw0ZxGo=',1,''),(1,'16536043013348820585','C=CN,ST=Shanghai,L=Shanghai,O=VCCCTV\\ ,OU=YZ,CN=YZ,E=65364223@163.com','2021-03-23 17:41:00','2022-03-18 17:41:00','2022-01-12 00:00:00','C=CN,ST=sh,L=sh,O=YZ,OU=YZ,CN=YZ,E=525451008@qq.com','MFkwEwYHKoZIzj0CAQYIKoEcz1UBgi0DQgAEAr/TsIzMFdpTPMvwjykt6H7EswG9/9Tzm081vXBmLNEWqq2MIsWzFc/1DlpF5c0/shoxEGNvgh41yLGfhDYX3w==','SM3WITHSM2','MEUCIQDkF0nd2cniHZn4Jae5Yne045yzZKlzaHOfybkqllidOAIgP1iBxBotgbQW0fLo53gwIYxCZ1n7ZFj4RyDQdKf1meY=',1,''),(1,'16536043013348820586','C=CN,ST=Shanghai,L=Shanghai,O=VCCCTV\\ ,OU=YZ,CN=YZ,E=65364223@163.com','2021-03-24 10:59:30','2021-06-22 10:59:30','2022-01-12 00:00:00','C=CN,ST=sh,L=sh,O=YZ,OU=YZ,CN=YZ,E=525451008@qq.com','MFkwEwYHKoZIzj0CAQYIKoEcz1UBgi0DQgAEAr/TsIzMFdpTPMvwjykt6H7EswG9/9Tzm081vXBmLNEWqq2MIsWzFc/1DlpF5c0/shoxEGNvgh41yLGfhDYX3w==','SM3WITHSM2','MEUCIG5jI/V3ZFNuC3BbH6UbxFFb6/gM9qnyiVgnZUB0wOOoAiEAnyQqcGE86x2zPqcnBwJPg7BLzp5+SVnkOly/u2CHL/g=',1,''),(3,'26362996438762523483','C=CN,ST=Shanghai,O=Shanghai Yuanzhe,OU=R&D Center,CN=Shanghai Yuanzhe Intermediate CA','2022-01-14 09:31:53','2042-01-09 09:31:53','2022-01-14 00:00:00','C=CN,O=org.zz,OU=org.zz,CN=example.org','MFkwEwYHKoZIzj0CAQYIKoEcz1UBgi0DQgAE+2xx/50O5zm6NGLBTCmcZGMyY6IHRqJ3kAj4C0Lfg8C7Lj6ye+ZysGcMRZdr52KhLBq5uZ9L580Prbqnsh66ow==','SM3WITHSM2','MEQCIB8QNhQcp17pwq8XEgzZ0JRwMVeBbzjH+wvUpE02cvxNAiA0QOY5MTDAb+K0V+6hsfIy9lhu9XZ6daIC2KnzOSNV6A==',3,''),(3,'28073324184433627331','C=CN,ST=Shanghai,O=Shanghai Yuanzhe,OU=R&D Center,CN=Shanghai Yuanzhe Intermediate CA','2022-01-12 10:39:31','2042-01-07 10:39:31','2022-01-12 00:00:00','C=CN,O=org.zz,OU=org.zz,CN=example.org','MFkwEwYHKoZIzj0CAQYIKoEcz1UBgi0DQgAEmaj/WP4hXk3Dce5eU1xgA8hEvs/Dm4FvVslfMlB/+XEKkkJ+Fe83sn6S8nqA9psI2/c0txM9w9C9MhM92xeORA==','SM3WITHSM2','MEYCIQCLgsn32fdNBgy2eDP2TDIXG3bEl6yk9XLH5yIsu+46KAIhAJ7p8dkkvePqJFHiF4BjB2lrnZJwVIT3Fw17VSsIAzHs',2,''),(3,'28620525712152541037','C=CN,O=org.zz,OU=org.zz,CN=ZZ Root CA','2022-01-12 10:39:31','2042-01-07 10:39:31','2022-01-12 00:00:00','C=CN,ST=Shanghai,O=Shanghai Yuanzhe,OU=R&D Center,CN=Shanghai Yuanzhe Intermediate CA','MFkwEwYHKoZIzj0CAQYIKoEcz1UBgi0DQgAEkr/y2zoJoAP6zuUTNbwDJ0KySZDsyfuJ2uOQd6O3/HQaB1sqD5QIO8oiufeXOJwyuBYoCRCKMw7r/zCZNJ7e5w==','SM3WITHSM2','MEUCID3+Fs/mhaMaXnY4iotXaI1Aa2A8ezsLpaof//t3DXsuAiEApM1k6c3bX+eBOpugh45ASpGpEuw7rhmpV2UYewT2Fys=',1,''),(3,'33067738209774933615','C=CN,O=org.zz,OU=org.zz,CN=ZZ Intermediate CA','2022-01-11 11:53:52','2042-01-06 11:53:52','2022-01-12 00:00:00','C=CN,O=org.zz,OU=org.zz,CN=example.org','MFkwEwYHKoZIzj0CAQYIKoEcz1UBgi0DQgAEKyX1HvPQ31pwEv6a3267MeBP/JSq+cHQsL4ibLVDnQ345GL9tSFdcKWM15yDu9JD7H3ijoVXiifJhutCSMX8hg==','SM3WITHSM2','MEQCIFph/KcabJMwTb/8n4idoyjLdMniZPeEW3a+a9SgWNtQAiAzISegPI4MAWfhWG+GwP5rNoqrzHxIT3ciVTTZuK1JnQ==',2,'');
/*!40000 ALTER TABLE `cer` ENABLE KEYS */;
UNLOCK TABLES;

--
-- Table structure for table `gen_table`
--

DROP TABLE IF EXISTS `gen_table`;
/*!40101 SET @saved_cs_client     = @@character_set_client */;
/*!50503 SET character_set_client = utf8mb4 */;
CREATE TABLE `gen_table` (
  `table_id` bigint NOT NULL AUTO_INCREMENT COMMENT 'ç¼–å·',
  `table_name` varchar(200) CHARACTER SET utf8 COLLATE utf8_general_ci DEFAULT '' COMMENT 'è¡¨åç§°',
  `table_comment` varchar(500) CHARACTER SET utf8 COLLATE utf8_general_ci DEFAULT '' COMMENT 'è¡¨æè¿°',
  `sub_table_name` varchar(64) CHARACTER SET utf8 COLLATE utf8_general_ci DEFAULT NULL COMMENT 'å…³è”å­è¡¨çš„è¡¨å',
  `sub_table_fk_name` varchar(64) CHARACTER SET utf8 COLLATE utf8_general_ci DEFAULT NULL COMMENT 'å­è¡¨å…³è”çš„å¤–é”®å',
  `class_name` varchar(100) CHARACTER SET utf8 COLLATE utf8_general_ci DEFAULT '' COMMENT 'å®ä½“ç±»åç§°',
  `tpl_category` varchar(200) CHARACTER SET utf8 COLLATE utf8_general_ci DEFAULT 'crud' COMMENT 'ä½¿ç”¨çš„æ¨¡æ¿ï¼ˆcrudå•è¡¨æ“ä½œ treeæ ‘è¡¨æ“ä½œï¼‰',
  `package_name` varchar(100) CHARACTER SET utf8 COLLATE utf8_general_ci DEFAULT NULL COMMENT 'ç”ŸæˆåŒ…è·¯å¾„',
  `module_name` varchar(30) CHARACTER SET utf8 COLLATE utf8_general_ci DEFAULT NULL COMMENT 'ç”Ÿæˆæ¨¡å—å',
  `business_name` varchar(30) CHARACTER SET utf8 COLLATE utf8_general_ci DEFAULT NULL COMMENT 'ç”Ÿæˆä¸šåŠ¡å',
  `function_name` varchar(50) CHARACTER SET utf8 COLLATE utf8_general_ci DEFAULT NULL COMMENT 'ç”ŸæˆåŠŸèƒ½å',
  `function_author` varchar(50) CHARACTER SET utf8 COLLATE utf8_general_ci DEFAULT NULL COMMENT 'ç”ŸæˆåŠŸèƒ½ä½œè€…',
  `gen_type` char(1) CHARACTER SET utf8 COLLATE utf8_general_ci DEFAULT '0' COMMENT 'ç”Ÿæˆä»£ç æ–¹å¼ï¼ˆ0zipå‹ç¼©åŒ… 1è‡ªå®šä¹‰è·¯å¾„ï¼‰',
  `gen_path` varchar(200) CHARACTER SET utf8 COLLATE utf8_general_ci DEFAULT '/' COMMENT 'ç”Ÿæˆè·¯å¾„ï¼ˆä¸å¡«é»˜è®¤é¡¹ç›®è·¯å¾„ï¼‰',
  `options` varchar(1000) CHARACTER SET utf8 COLLATE utf8_general_ci DEFAULT NULL COMMENT 'å…¶å®ƒç”Ÿæˆé€‰é¡¹',
  `create_by` varchar(64) CHARACTER SET utf8 COLLATE utf8_general_ci DEFAULT '' COMMENT 'åˆ›å»ºè€…',
  `create_time` datetime DEFAULT NULL COMMENT 'åˆ›å»ºæ—¶é—´',
  `update_by` varchar(64) CHARACTER SET utf8 COLLATE utf8_general_ci DEFAULT '' COMMENT 'æ›´æ–°è€…',
  `update_time` datetime DEFAULT NULL COMMENT 'æ›´æ–°æ—¶é—´',
  `remark` varchar(500) CHARACTER SET utf8 COLLATE utf8_general_ci DEFAULT NULL COMMENT 'å¤‡æ³¨',
  PRIMARY KEY (`table_id`) USING BTREE
) ENGINE=InnoDB AUTO_INCREMENT=3 DEFAULT CHARSET=utf8mb3 ROW_FORMAT=DYNAMIC COMMENT='ä»£ç ç”Ÿæˆä¸šåŠ¡è¡¨';
/*!40101 SET character_set_client = @saved_cs_client */;

--
-- Dumping data for table `gen_table`
--

LOCK TABLES `gen_table` WRITE;
/*!40000 ALTER TABLE `gen_table` DISABLE KEYS */;
INSERT INTO `gen_table` VALUES (2,'cer','è¯ä¹¦åˆ—è¡¨',NULL,NULL,'Cer','crud','com.ruoyi.system','system','cer','è¯ä¹¦ç®¡ç†','ruoyi','0','/','{}','admin','2022-01-05 09:13:50','','2022-01-05 09:44:36',NULL);
/*!40000 ALTER TABLE `gen_table` ENABLE KEYS */;
UNLOCK TABLES;

--
-- Table structure for table `gen_table_column`
--

DROP TABLE IF EXISTS `gen_table_column`;
/*!40101 SET @saved_cs_client     = @@character_set_client */;
/*!50503 SET character_set_client = utf8mb4 */;
CREATE TABLE `gen_table_column` (
  `column_id` bigint NOT NULL AUTO_INCREMENT COMMENT 'ç¼–å·',
  `table_id` varchar(64) CHARACTER SET utf8 COLLATE utf8_general_ci DEFAULT NULL COMMENT 'å½’å±è¡¨ç¼–å·',
  `column_name` varchar(200) CHARACTER SET utf8 COLLATE utf8_general_ci DEFAULT NULL COMMENT 'åˆ—åç§°',
  `column_comment` varchar(500) CHARACTER SET utf8 COLLATE utf8_general_ci DEFAULT NULL COMMENT 'åˆ—æè¿°',
  `column_type` varchar(100) CHARACTER SET utf8 COLLATE utf8_general_ci DEFAULT NULL COMMENT 'åˆ—ç±»å‹',
  `java_type` varchar(500) CHARACTER SET utf8 COLLATE utf8_general_ci DEFAULT NULL COMMENT 'JAVAç±»å‹',
  `java_field` varchar(200) CHARACTER SET utf8 COLLATE utf8_general_ci DEFAULT NULL COMMENT 'JAVAå­—æ®µå',
  `is_pk` char(1) CHARACTER SET utf8 COLLATE utf8_general_ci DEFAULT NULL COMMENT 'æ˜¯å¦ä¸»é”®ï¼ˆ1æ˜¯ï¼‰',
  `is_increment` char(1) CHARACTER SET utf8 COLLATE utf8_general_ci DEFAULT NULL COMMENT 'æ˜¯å¦è‡ªå¢ï¼ˆ1æ˜¯ï¼‰',
  `is_required` char(1) CHARACTER SET utf8 COLLATE utf8_general_ci DEFAULT NULL COMMENT 'æ˜¯å¦å¿…å¡«ï¼ˆ1æ˜¯ï¼‰',
  `is_insert` char(1) CHARACTER SET utf8 COLLATE utf8_general_ci DEFAULT NULL COMMENT 'æ˜¯å¦ä¸ºæ’å…¥å­—æ®µï¼ˆ1æ˜¯ï¼‰',
  `is_edit` char(1) CHARACTER SET utf8 COLLATE utf8_general_ci DEFAULT NULL COMMENT 'æ˜¯å¦ç¼–è¾‘å­—æ®µï¼ˆ1æ˜¯ï¼‰',
  `is_list` char(1) CHARACTER SET utf8 COLLATE utf8_general_ci DEFAULT NULL COMMENT 'æ˜¯å¦åˆ—è¡¨å­—æ®µï¼ˆ1æ˜¯ï¼‰',
  `is_query` char(1) CHARACTER SET utf8 COLLATE utf8_general_ci DEFAULT NULL COMMENT 'æ˜¯å¦æŸ¥è¯¢å­—æ®µï¼ˆ1æ˜¯ï¼‰',
  `query_type` varchar(200) CHARACTER SET utf8 COLLATE utf8_general_ci DEFAULT 'EQ' COMMENT 'æŸ¥è¯¢æ–¹å¼ï¼ˆç­‰äºã€ä¸ç­‰äºã€å¤§äºã€å°äºã€èŒƒå›´ï¼‰',
  `html_type` varchar(200) CHARACTER SET utf8 COLLATE utf8_general_ci DEFAULT NULL COMMENT 'æ˜¾ç¤ºç±»å‹ï¼ˆæ–‡æœ¬æ¡†ã€æ–‡æœ¬åŸŸã€ä¸‹æ‹‰æ¡†ã€å¤é€‰æ¡†ã€å•é€‰æ¡†ã€æ—¥æœŸæ§ä»¶ï¼‰',
  `dict_type` varchar(200) CHARACTER SET utf8 COLLATE utf8_general_ci DEFAULT '' COMMENT 'å­—å…¸ç±»å‹',
  `sort` int DEFAULT NULL COMMENT 'æ’åº',
  `create_by` varchar(64) CHARACTER SET utf8 COLLATE utf8_general_ci DEFAULT '' COMMENT 'åˆ›å»ºè€…',
  `create_time` datetime DEFAULT NULL COMMENT 'åˆ›å»ºæ—¶é—´',
  `update_by` varchar(64) CHARACTER SET utf8 COLLATE utf8_general_ci DEFAULT '' COMMENT 'æ›´æ–°è€…',
  `update_time` datetime DEFAULT NULL COMMENT 'æ›´æ–°æ—¶é—´',
  PRIMARY KEY (`column_id`) USING BTREE
) ENGINE=InnoDB AUTO_INCREMENT=20 DEFAULT CHARSET=utf8mb3 ROW_FORMAT=DYNAMIC COMMENT='ä»£ç ç”Ÿæˆä¸šåŠ¡è¡¨å­—æ®µ';
/*!40101 SET character_set_client = @saved_cs_client */;

--
-- Dumping data for table `gen_table_column`
--

LOCK TABLES `gen_table_column` WRITE;
/*!40000 ALTER TABLE `gen_table_column` DISABLE KEYS */;
INSERT INTO `gen_table_column` VALUES (10,'2','version','ç‰ˆæœ¬å·','int(11)','Long','version','0','0',NULL,'1',NULL,'1',NULL,'EQ','input','',1,'admin','2022-01-05 09:13:50','','2022-01-05 09:44:36'),(11,'2','serial_number','åºåˆ—å·','varchar(255)','String','serialNumber','0','0','1','1',NULL,'1','1','EQ','input','',2,'admin','2022-01-05 09:13:50','','2022-01-05 09:44:36'),(12,'2','issuer_DN','é¢å‘è€…','varchar(255)','String','issuerDn','0','0','1','1',NULL,'1','1','EQ','select','sys_issuers',3,'admin','2022-01-05 09:13:50','','2022-01-05 09:44:36'),(13,'2','start_date','ç”Ÿæ•ˆæ—¶é—´','datetime','Date','startDate','0','0','1','1',NULL,'1','1','GTE','datetime','',4,'admin','2022-01-05 09:13:50','','2022-01-05 09:44:36'),(14,'2','final_date','å¤±æ•ˆæ—¶é—´','datetime','Date','finalDate','0','0','1','1',NULL,'1','1','GTE','datetime','',5,'admin','2022-01-05 09:13:50','','2022-01-05 09:44:36'),(15,'2','subject_DN','ä½¿ç”¨è€…','varchar(255)','String','subjectDn','0','0','1','1',NULL,'1','1','LIKE','input','',6,'admin','2022-01-05 09:13:50','','2022-01-05 09:44:36'),(16,'2','public_key','å…¬é’¥','varchar(255)','String','publicKey','0','0',NULL,'1',NULL,NULL,NULL,'EQ','input','',7,'admin','2022-01-05 09:13:50','','2022-01-05 09:44:36'),(17,'2','signature_algorithm','ç­¾åç®—æ³•','varchar(255)','String','signatureAlgorithm','0','0','1','1',NULL,'1','1','EQ','select','sys_signature_algorithm',8,'admin','2022-01-05 09:13:50','','2022-01-05 09:44:36'),(18,'2','signature','è¯ä¹¦ç­¾å','varchar(255)','String','signature','0','0',NULL,'1',NULL,'1',NULL,'EQ','input','',9,'admin','2022-01-05 09:13:50','','2022-01-05 09:44:36'),(19,'2','status','çŠ¶æ€','int(11)','Long','status','0','0',NULL,'1',NULL,'1',NULL,'EQ','radio','',10,'admin','2022-01-05 09:13:50','','2022-01-05 09:44:36');
/*!40000 ALTER TABLE `gen_table_column` ENABLE KEYS */;
UNLOCK TABLES;

--
-- Table structure for table `qrtz_blob_triggers`
--

DROP TABLE IF EXISTS `qrtz_blob_triggers`;
/*!40101 SET @saved_cs_client     = @@character_set_client */;
/*!50503 SET character_set_client = utf8mb4 */;
CREATE TABLE `qrtz_blob_triggers` (
  `sched_name` varchar(120) CHARACTER SET utf8 COLLATE utf8_general_ci NOT NULL COMMENT 'è°ƒåº¦åç§°',
  `trigger_name` varchar(200) CHARACTER SET utf8 COLLATE utf8_general_ci NOT NULL COMMENT 'qrtz_triggersè¡¨trigger_nameçš„å¤–é”®',
  `trigger_group` varchar(200) CHARACTER SET utf8 COLLATE utf8_general_ci NOT NULL COMMENT 'qrtz_triggersè¡¨trigger_groupçš„å¤–é”®',
  `blob_data` blob COMMENT 'å­˜æ”¾æŒä¹…åŒ–Triggerå¯¹è±¡',
  PRIMARY KEY (`sched_name`,`trigger_name`,`trigger_group`) USING BTREE,
  CONSTRAINT `qrtz_blob_triggers_ibfk_1` FOREIGN KEY (`sched_name`, `trigger_name`, `trigger_group`) REFERENCES `qrtz_triggers` (`sched_name`, `trigger_name`, `trigger_group`) ON DELETE RESTRICT ON UPDATE RESTRICT
) ENGINE=InnoDB DEFAULT CHARSET=utf8mb3 ROW_FORMAT=DYNAMIC COMMENT='Blobç±»å‹çš„è§¦å‘å™¨è¡¨';
/*!40101 SET character_set_client = @saved_cs_client */;

--
-- Dumping data for table `qrtz_blob_triggers`
--

LOCK TABLES `qrtz_blob_triggers` WRITE;
/*!40000 ALTER TABLE `qrtz_blob_triggers` DISABLE KEYS */;
/*!40000 ALTER TABLE `qrtz_blob_triggers` ENABLE KEYS */;
UNLOCK TABLES;

--
-- Table structure for table `qrtz_calendars`
--

DROP TABLE IF EXISTS `qrtz_calendars`;
/*!40101 SET @saved_cs_client     = @@character_set_client */;
/*!50503 SET character_set_client = utf8mb4 */;
CREATE TABLE `qrtz_calendars` (
  `sched_name` varchar(120) CHARACTER SET utf8 COLLATE utf8_general_ci NOT NULL COMMENT 'è°ƒåº¦åç§°',
  `calendar_name` varchar(200) CHARACTER SET utf8 COLLATE utf8_general_ci NOT NULL COMMENT 'æ—¥å†åç§°',
  `calendar` blob NOT NULL COMMENT 'å­˜æ”¾æŒä¹…åŒ–calendarå¯¹è±¡',
  PRIMARY KEY (`sched_name`,`calendar_name`) USING BTREE
) ENGINE=InnoDB DEFAULT CHARSET=utf8mb3 ROW_FORMAT=DYNAMIC COMMENT='æ—¥å†ä¿¡æ¯è¡¨';
/*!40101 SET character_set_client = @saved_cs_client */;

--
-- Dumping data for table `qrtz_calendars`
--

LOCK TABLES `qrtz_calendars` WRITE;
/*!40000 ALTER TABLE `qrtz_calendars` DISABLE KEYS */;
/*!40000 ALTER TABLE `qrtz_calendars` ENABLE KEYS */;
UNLOCK TABLES;

--
-- Table structure for table `qrtz_cron_triggers`
--

DROP TABLE IF EXISTS `qrtz_cron_triggers`;
/*!40101 SET @saved_cs_client     = @@character_set_client */;
/*!50503 SET character_set_client = utf8mb4 */;
CREATE TABLE `qrtz_cron_triggers` (
  `sched_name` varchar(120) CHARACTER SET utf8 COLLATE utf8_general_ci NOT NULL COMMENT 'è°ƒåº¦åç§°',
  `trigger_name` varchar(200) CHARACTER SET utf8 COLLATE utf8_general_ci NOT NULL COMMENT 'qrtz_triggersè¡¨trigger_nameçš„å¤–é”®',
  `trigger_group` varchar(200) CHARACTER SET utf8 COLLATE utf8_general_ci NOT NULL COMMENT 'qrtz_triggersè¡¨trigger_groupçš„å¤–é”®',
  `cron_expression` varchar(200) CHARACTER SET utf8 COLLATE utf8_general_ci NOT NULL COMMENT 'cronè¡¨è¾¾å¼',
  `time_zone_id` varchar(80) CHARACTER SET utf8 COLLATE utf8_general_ci DEFAULT NULL COMMENT 'æ—¶åŒº',
  PRIMARY KEY (`sched_name`,`trigger_name`,`trigger_group`) USING BTREE,
  CONSTRAINT `qrtz_cron_triggers_ibfk_1` FOREIGN KEY (`sched_name`, `trigger_name`, `trigger_group`) REFERENCES `qrtz_triggers` (`sched_name`, `trigger_name`, `trigger_group`) ON DELETE RESTRICT ON UPDATE RESTRICT
) ENGINE=InnoDB DEFAULT CHARSET=utf8mb3 ROW_FORMAT=DYNAMIC COMMENT='Cronç±»å‹çš„è§¦å‘å™¨è¡¨';
/*!40101 SET character_set_client = @saved_cs_client */;

--
-- Dumping data for table `qrtz_cron_triggers`
--

LOCK TABLES `qrtz_cron_triggers` WRITE;
/*!40000 ALTER TABLE `qrtz_cron_triggers` DISABLE KEYS */;
INSERT INTO `qrtz_cron_triggers` VALUES ('RuoyiScheduler','TASK_CLASS_NAME1','DEFAULT','0/10 * * * * ?','Asia/Shanghai'),('RuoyiScheduler','TASK_CLASS_NAME2','DEFAULT','0/15 * * * * ?','Asia/Shanghai'),('RuoyiScheduler','TASK_CLASS_NAME3','DEFAULT','0/20 * * * * ?','Asia/Shanghai');
/*!40000 ALTER TABLE `qrtz_cron_triggers` ENABLE KEYS */;
UNLOCK TABLES;

--
-- Table structure for table `qrtz_fired_triggers`
--

DROP TABLE IF EXISTS `qrtz_fired_triggers`;
/*!40101 SET @saved_cs_client     = @@character_set_client */;
/*!50503 SET character_set_client = utf8mb4 */;
CREATE TABLE `qrtz_fired_triggers` (
  `sched_name` varchar(120) CHARACTER SET utf8 COLLATE utf8_general_ci NOT NULL COMMENT 'è°ƒåº¦åç§°',
  `entry_id` varchar(95) CHARACTER SET utf8 COLLATE utf8_general_ci NOT NULL COMMENT 'è°ƒåº¦å™¨å®ä¾‹id',
  `trigger_name` varchar(200) CHARACTER SET utf8 COLLATE utf8_general_ci NOT NULL COMMENT 'qrtz_triggersè¡¨trigger_nameçš„å¤–é”®',
  `trigger_group` varchar(200) CHARACTER SET utf8 COLLATE utf8_general_ci NOT NULL COMMENT 'qrtz_triggersè¡¨trigger_groupçš„å¤–é”®',
  `instance_name` varchar(200) CHARACTER SET utf8 COLLATE utf8_general_ci NOT NULL COMMENT 'è°ƒåº¦å™¨å®ä¾‹å',
  `fired_time` bigint NOT NULL COMMENT 'è§¦å‘çš„æ—¶é—´',
  `sched_time` bigint NOT NULL COMMENT 'å®šæ—¶å™¨åˆ¶å®šçš„æ—¶é—´',
  `priority` int NOT NULL COMMENT 'ä¼˜å…ˆçº§',
  `state` varchar(16) CHARACTER SET utf8 COLLATE utf8_general_ci NOT NULL COMMENT 'çŠ¶æ€',
  `job_name` varchar(200) CHARACTER SET utf8 COLLATE utf8_general_ci DEFAULT NULL COMMENT 'ä»»åŠ¡åç§°',
  `job_group` varchar(200) CHARACTER SET utf8 COLLATE utf8_general_ci DEFAULT NULL COMMENT 'ä»»åŠ¡ç»„å',
  `is_nonconcurrent` varchar(1) CHARACTER SET utf8 COLLATE utf8_general_ci DEFAULT NULL COMMENT 'æ˜¯å¦å¹¶å‘',
  `requests_recovery` varchar(1) CHARACTER SET utf8 COLLATE utf8_general_ci DEFAULT NULL COMMENT 'æ˜¯å¦æ¥å—æ¢å¤æ‰§è¡Œ',
  PRIMARY KEY (`sched_name`,`entry_id`) USING BTREE
) ENGINE=InnoDB DEFAULT CHARSET=utf8mb3 ROW_FORMAT=DYNAMIC COMMENT='å·²è§¦å‘çš„è§¦å‘å™¨è¡¨';
/*!40101 SET character_set_client = @saved_cs_client */;

--
-- Dumping data for table `qrtz_fired_triggers`
--

LOCK TABLES `qrtz_fired_triggers` WRITE;
/*!40000 ALTER TABLE `qrtz_fired_triggers` DISABLE KEYS */;
/*!40000 ALTER TABLE `qrtz_fired_triggers` ENABLE KEYS */;
UNLOCK TABLES;

--
-- Table structure for table `qrtz_job_details`
--

DROP TABLE IF EXISTS `qrtz_job_details`;
/*!40101 SET @saved_cs_client     = @@character_set_client */;
/*!50503 SET character_set_client = utf8mb4 */;
CREATE TABLE `qrtz_job_details` (
  `sched_name` varchar(120) CHARACTER SET utf8 COLLATE utf8_general_ci NOT NULL COMMENT 'è°ƒåº¦åç§°',
  `job_name` varchar(200) CHARACTER SET utf8 COLLATE utf8_general_ci NOT NULL COMMENT 'ä»»åŠ¡åç§°',
  `job_group` varchar(200) CHARACTER SET utf8 COLLATE utf8_general_ci NOT NULL COMMENT 'ä»»åŠ¡ç»„å',
  `description` varchar(250) CHARACTER SET utf8 COLLATE utf8_general_ci DEFAULT NULL COMMENT 'ç›¸å…³ä»‹ç»',
  `job_class_name` varchar(250) CHARACTER SET utf8 COLLATE utf8_general_ci NOT NULL COMMENT 'æ‰§è¡Œä»»åŠ¡ç±»åç§°',
  `is_durable` varchar(1) CHARACTER SET utf8 COLLATE utf8_general_ci NOT NULL COMMENT 'æ˜¯å¦æŒä¹…åŒ–',
  `is_nonconcurrent` varchar(1) CHARACTER SET utf8 COLLATE utf8_general_ci NOT NULL COMMENT 'æ˜¯å¦å¹¶å‘',
  `is_update_data` varchar(1) CHARACTER SET utf8 COLLATE utf8_general_ci NOT NULL COMMENT 'æ˜¯å¦æ›´æ–°æ•°æ®',
  `requests_recovery` varchar(1) CHARACTER SET utf8 COLLATE utf8_general_ci NOT NULL COMMENT 'æ˜¯å¦æ¥å—æ¢å¤æ‰§è¡Œ',
  `job_data` blob COMMENT 'å­˜æ”¾æŒä¹…åŒ–jobå¯¹è±¡',
  PRIMARY KEY (`sched_name`,`job_name`,`job_group`) USING BTREE
) ENGINE=InnoDB DEFAULT CHARSET=utf8mb3 ROW_FORMAT=DYNAMIC COMMENT='ä»»åŠ¡è¯¦ç»†ä¿¡æ¯è¡¨';
/*!40101 SET character_set_client = @saved_cs_client */;

--
-- Dumping data for table `qrtz_job_details`
--

LOCK TABLES `qrtz_job_details` WRITE;
/*!40000 ALTER TABLE `qrtz_job_details` DISABLE KEYS */;
INSERT INTO `qrtz_job_details` VALUES ('RuoyiScheduler','TASK_CLASS_NAME1','DEFAULT',NULL,'com.ruoyi.quartz.util.QuartzDisallowConcurrentExecution','0','1','0','0',_binary '¬\í\0sr\0org.quartz.JobDataMapŸ°ƒè¿©°\Ë\0\0xr\0&org.quartz.utils.StringKeyDirtyFlagMap‚\è\Ãû\Å](\0Z\0allowsTransientDataxr\0org.quartz.utils.DirtyFlagMap\æ.­(v\n\Î\0Z\0dirtyL\0mapt\0Ljava/util/Map;xpsr\0java.util.HashMap\ÚÁ\Ã`\Ñ\0F\0\nloadFactorI\0	thresholdxp?@\0\0\0\0\0w\0\0\0\0\0\0t\0TASK_PROPERTIESsr\0com.ruoyi.quartz.domain.SysJob\0\0\0\0\0\0\0\0L\0\nconcurrentt\0Ljava/lang/String;L\0cronExpressionq\0~\0	L\0invokeTargetq\0~\0	L\0jobGroupq\0~\0	L\0jobIdt\0Ljava/lang/Long;L\0jobNameq\0~\0	L\0\rmisfirePolicyq\0~\0	L\0statusq\0~\0	xr\0\'com.ruoyi.common.core.domain.BaseEntity\0\0\0\0\0\0\0\0L\0createByq\0~\0	L\0\ncreateTimet\0Ljava/util/Date;L\0paramsq\0~\0L\0remarkq\0~\0	L\0searchValueq\0~\0	L\0updateByq\0~\0	L\0\nupdateTimeq\0~\0xpt\0adminsr\0java.util.DatehjKYt\0\0xpw\0\0~#…3xpt\0\0pppt\01t\00/10 * * * * ?t\0ryTask.ryNoParamst\0DEFAULTsr\0java.lang.Long;‹\äÌ#\ß\0J\0valuexr\0java.lang.Number†¬•”\à‹\0\0xp\0\0\0\0\0\0\0t\0ç³»ç»Ÿé»˜è®¤ï¼ˆæ— å‚ï¼‰t\03t\01x\0'),('RuoyiScheduler','TASK_CLASS_NAME2','DEFAULT',NULL,'com.ruoyi.quartz.util.QuartzDisallowConcurrentExecution','0','1','0','0',_binary '¬\í\0sr\0org.quartz.JobDataMapŸ°ƒè¿©°\Ë\0\0xr\0&org.quartz.utils.StringKeyDirtyFlagMap‚\è\Ãû\Å](\0Z\0allowsTransientDataxr\0org.quartz.utils.DirtyFlagMap\æ.­(v\n\Î\0Z\0dirtyL\0mapt\0Ljava/util/Map;xpsr\0java.util.HashMap\ÚÁ\Ã`\Ñ\0F\0\nloadFactorI\0	thresholdxp?@\0\0\0\0\0w\0\0\0\0\0\0t\0TASK_PROPERTIESsr\0com.ruoyi.quartz.domain.SysJob\0\0\0\0\0\0\0\0L\0\nconcurrentt\0Ljava/lang/String;L\0cronExpressionq\0~\0	L\0invokeTargetq\0~\0	L\0jobGroupq\0~\0	L\0jobIdt\0Ljava/lang/Long;L\0jobNameq\0~\0	L\0\rmisfirePolicyq\0~\0	L\0statusq\0~\0	xr\0\'com.ruoyi.common.core.domain.BaseEntity\0\0\0\0\0\0\0\0L\0createByq\0~\0	L\0\ncreateTimet\0Ljava/util/Date;L\0paramsq\0~\0L\0remarkq\0~\0	L\0searchValueq\0~\0	L\0updateByq\0~\0	L\0\nupdateTimeq\0~\0xpt\0adminsr\0java.util.DatehjKYt\0\0xpw\0\0~#…3xpt\0\0pppt\01t\00/15 * * * * ?t\0ryTask.ryParams(\'ry\')t\0DEFAULTsr\0java.lang.Long;‹\äÌ#\ß\0J\0valuexr\0java.lang.Number†¬•”\à‹\0\0xp\0\0\0\0\0\0\0t\0ç³»ç»Ÿé»˜è®¤ï¼ˆæœ‰å‚ï¼‰t\03t\01x\0'),('RuoyiScheduler','TASK_CLASS_NAME3','DEFAULT',NULL,'com.ruoyi.quartz.util.QuartzDisallowConcurrentExecution','0','1','0','0',_binary '¬\í\0sr\0org.quartz.JobDataMapŸ°ƒè¿©°\Ë\0\0xr\0&org.quartz.utils.StringKeyDirtyFlagMap‚\è\Ãû\Å](\0Z\0allowsTransientDataxr\0org.quartz.utils.DirtyFlagMap\æ.­(v\n\Î\0Z\0dirtyL\0mapt\0Ljava/util/Map;xpsr\0java.util.HashMap\ÚÁ\Ã`\Ñ\0F\0\nloadFactorI\0	thresholdxp?@\0\0\0\0\0w\0\0\0\0\0\0t\0TASK_PROPERTIESsr\0com.ruoyi.quartz.domain.SysJob\0\0\0\0\0\0\0\0L\0\nconcurrentt\0Ljava/lang/String;L\0cronExpressionq\0~\0	L\0invokeTargetq\0~\0	L\0jobGroupq\0~\0	L\0jobIdt\0Ljava/lang/Long;L\0jobNameq\0~\0	L\0\rmisfirePolicyq\0~\0	L\0statusq\0~\0	xr\0\'com.ruoyi.common.core.domain.BaseEntity\0\0\0\0\0\0\0\0L\0createByq\0~\0	L\0\ncreateTimet\0Ljava/util/Date;L\0paramsq\0~\0L\0remarkq\0~\0	L\0searchValueq\0~\0	L\0updateByq\0~\0	L\0\nupdateTimeq\0~\0xpt\0adminsr\0java.util.DatehjKYt\0\0xpw\0\0~#…3xpt\0\0pppt\01t\00/20 * * * * ?t\08ryTask.ryMultipleParams(\'ry\', true, 2000L, 316.50D, 100)t\0DEFAULTsr\0java.lang.Long;‹\äÌ#\ß\0J\0valuexr\0java.lang.Number†¬•”\à‹\0\0xp\0\0\0\0\0\0\0t\0ç³»ç»Ÿé»˜è®¤ï¼ˆå¤šå‚ï¼‰t\03t\01x\0');
/*!40000 ALTER TABLE `qrtz_job_details` ENABLE KEYS */;
UNLOCK TABLES;

--
-- Table structure for table `qrtz_locks`
--

DROP TABLE IF EXISTS `qrtz_locks`;
/*!40101 SET @saved_cs_client     = @@character_set_client */;
/*!50503 SET character_set_client = utf8mb4 */;
CREATE TABLE `qrtz_locks` (
  `sched_name` varchar(120) CHARACTER SET utf8 COLLATE utf8_general_ci NOT NULL COMMENT 'è°ƒåº¦åç§°',
  `lock_name` varchar(40) CHARACTER SET utf8 COLLATE utf8_general_ci NOT NULL COMMENT 'æ‚²è§‚é”åç§°',
  PRIMARY KEY (`sched_name`,`lock_name`) USING BTREE
) ENGINE=InnoDB DEFAULT CHARSET=utf8mb3 ROW_FORMAT=DYNAMIC COMMENT='å­˜å‚¨çš„æ‚²è§‚é”ä¿¡æ¯è¡¨';
/*!40101 SET character_set_client = @saved_cs_client */;

--
-- Dumping data for table `qrtz_locks`
--

LOCK TABLES `qrtz_locks` WRITE;
/*!40000 ALTER TABLE `qrtz_locks` DISABLE KEYS */;
INSERT INTO `qrtz_locks` VALUES ('RuoyiScheduler','STATE_ACCESS'),('RuoyiScheduler','TRIGGER_ACCESS');
/*!40000 ALTER TABLE `qrtz_locks` ENABLE KEYS */;
UNLOCK TABLES;

--
-- Table structure for table `qrtz_paused_trigger_grps`
--

DROP TABLE IF EXISTS `qrtz_paused_trigger_grps`;
/*!40101 SET @saved_cs_client     = @@character_set_client */;
/*!50503 SET character_set_client = utf8mb4 */;
CREATE TABLE `qrtz_paused_trigger_grps` (
  `sched_name` varchar(120) CHARACTER SET utf8 COLLATE utf8_general_ci NOT NULL COMMENT 'è°ƒåº¦åç§°',
  `trigger_group` varchar(200) CHARACTER SET utf8 COLLATE utf8_general_ci NOT NULL COMMENT 'qrtz_triggersè¡¨trigger_groupçš„å¤–é”®',
  PRIMARY KEY (`sched_name`,`trigger_group`) USING BTREE
) ENGINE=InnoDB DEFAULT CHARSET=utf8mb3 ROW_FORMAT=DYNAMIC COMMENT='æš‚åœçš„è§¦å‘å™¨è¡¨';
/*!40101 SET character_set_client = @saved_cs_client */;

--
-- Dumping data for table `qrtz_paused_trigger_grps`
--

LOCK TABLES `qrtz_paused_trigger_grps` WRITE;
/*!40000 ALTER TABLE `qrtz_paused_trigger_grps` DISABLE KEYS */;
/*!40000 ALTER TABLE `qrtz_paused_trigger_grps` ENABLE KEYS */;
UNLOCK TABLES;

--
-- Table structure for table `qrtz_scheduler_state`
--

DROP TABLE IF EXISTS `qrtz_scheduler_state`;
/*!40101 SET @saved_cs_client     = @@character_set_client */;
/*!50503 SET character_set_client = utf8mb4 */;
CREATE TABLE `qrtz_scheduler_state` (
  `sched_name` varchar(120) CHARACTER SET utf8 COLLATE utf8_general_ci NOT NULL COMMENT 'è°ƒåº¦åç§°',
  `instance_name` varchar(200) CHARACTER SET utf8 COLLATE utf8_general_ci NOT NULL COMMENT 'å®ä¾‹åç§°',
  `last_checkin_time` bigint NOT NULL COMMENT 'ä¸Šæ¬¡æ£€æŸ¥æ—¶é—´',
  `checkin_interval` bigint NOT NULL COMMENT 'æ£€æŸ¥é—´éš”æ—¶é—´',
  PRIMARY KEY (`sched_name`,`instance_name`) USING BTREE
) ENGINE=InnoDB DEFAULT CHARSET=utf8mb3 ROW_FORMAT=DYNAMIC COMMENT='è°ƒåº¦å™¨çŠ¶æ€è¡¨';
/*!40101 SET character_set_client = @saved_cs_client */;

--
-- Dumping data for table `qrtz_scheduler_state`
--

LOCK TABLES `qrtz_scheduler_state` WRITE;
/*!40000 ALTER TABLE `qrtz_scheduler_state` DISABLE KEYS */;
INSERT INTO `qrtz_scheduler_state` VALUES ('RuoyiScheduler','DESKTOP-A9M44BJ1642132384853',1642132928830,15000);
/*!40000 ALTER TABLE `qrtz_scheduler_state` ENABLE KEYS */;
UNLOCK TABLES;

--
-- Table structure for table `qrtz_simple_triggers`
--

DROP TABLE IF EXISTS `qrtz_simple_triggers`;
/*!40101 SET @saved_cs_client     = @@character_set_client */;
/*!50503 SET character_set_client = utf8mb4 */;
CREATE TABLE `qrtz_simple_triggers` (
  `sched_name` varchar(120) CHARACTER SET utf8 COLLATE utf8_general_ci NOT NULL COMMENT 'è°ƒåº¦åç§°',
  `trigger_name` varchar(200) CHARACTER SET utf8 COLLATE utf8_general_ci NOT NULL COMMENT 'qrtz_triggersè¡¨trigger_nameçš„å¤–é”®',
  `trigger_group` varchar(200) CHARACTER SET utf8 COLLATE utf8_general_ci NOT NULL COMMENT 'qrtz_triggersè¡¨trigger_groupçš„å¤–é”®',
  `repeat_count` bigint NOT NULL COMMENT 'é‡å¤çš„æ¬¡æ•°ç»Ÿè®¡',
  `repeat_interval` bigint NOT NULL COMMENT 'é‡å¤çš„é—´éš”æ—¶é—´',
  `times_triggered` bigint NOT NULL COMMENT 'å·²ç»è§¦å‘çš„æ¬¡æ•°',
  PRIMARY KEY (`sched_name`,`trigger_name`,`trigger_group`) USING BTREE,
  CONSTRAINT `qrtz_simple_triggers_ibfk_1` FOREIGN KEY (`sched_name`, `trigger_name`, `trigger_group`) REFERENCES `qrtz_triggers` (`sched_name`, `trigger_name`, `trigger_group`) ON DELETE RESTRICT ON UPDATE RESTRICT
) ENGINE=InnoDB DEFAULT CHARSET=utf8mb3 ROW_FORMAT=DYNAMIC COMMENT='ç®€å•è§¦å‘å™¨çš„ä¿¡æ¯è¡¨';
/*!40101 SET character_set_client = @saved_cs_client */;

--
-- Dumping data for table `qrtz_simple_triggers`
--

LOCK TABLES `qrtz_simple_triggers` WRITE;
/*!40000 ALTER TABLE `qrtz_simple_triggers` DISABLE KEYS */;
/*!40000 ALTER TABLE `qrtz_simple_triggers` ENABLE KEYS */;
UNLOCK TABLES;

--
-- Table structure for table `qrtz_simprop_triggers`
--

DROP TABLE IF EXISTS `qrtz_simprop_triggers`;
/*!40101 SET @saved_cs_client     = @@character_set_client */;
/*!50503 SET character_set_client = utf8mb4 */;
CREATE TABLE `qrtz_simprop_triggers` (
  `sched_name` varchar(120) CHARACTER SET utf8 COLLATE utf8_general_ci NOT NULL COMMENT 'è°ƒåº¦åç§°',
  `trigger_name` varchar(200) CHARACTER SET utf8 COLLATE utf8_general_ci NOT NULL COMMENT 'qrtz_triggersè¡¨trigger_nameçš„å¤–é”®',
  `trigger_group` varchar(200) CHARACTER SET utf8 COLLATE utf8_general_ci NOT NULL COMMENT 'qrtz_triggersè¡¨trigger_groupçš„å¤–é”®',
  `str_prop_1` varchar(512) CHARACTER SET utf8 COLLATE utf8_general_ci DEFAULT NULL COMMENT 'Stringç±»å‹çš„triggerçš„ç¬¬ä¸€ä¸ªå‚æ•°',
  `str_prop_2` varchar(512) CHARACTER SET utf8 COLLATE utf8_general_ci DEFAULT NULL COMMENT 'Stringç±»å‹çš„triggerçš„ç¬¬äºŒä¸ªå‚æ•°',
  `str_prop_3` varchar(512) CHARACTER SET utf8 COLLATE utf8_general_ci DEFAULT NULL COMMENT 'Stringç±»å‹çš„triggerçš„ç¬¬ä¸‰ä¸ªå‚æ•°',
  `int_prop_1` int DEFAULT NULL COMMENT 'intç±»å‹çš„triggerçš„ç¬¬ä¸€ä¸ªå‚æ•°',
  `int_prop_2` int DEFAULT NULL COMMENT 'intç±»å‹çš„triggerçš„ç¬¬äºŒä¸ªå‚æ•°',
  `long_prop_1` bigint DEFAULT NULL COMMENT 'longç±»å‹çš„triggerçš„ç¬¬ä¸€ä¸ªå‚æ•°',
  `long_prop_2` bigint DEFAULT NULL COMMENT 'longç±»å‹çš„triggerçš„ç¬¬äºŒä¸ªå‚æ•°',
  `dec_prop_1` decimal(13,4) DEFAULT NULL COMMENT 'decimalç±»å‹çš„triggerçš„ç¬¬ä¸€ä¸ªå‚æ•°',
  `dec_prop_2` decimal(13,4) DEFAULT NULL COMMENT 'decimalç±»å‹çš„triggerçš„ç¬¬äºŒä¸ªå‚æ•°',
  `bool_prop_1` varchar(1) CHARACTER SET utf8 COLLATE utf8_general_ci DEFAULT NULL COMMENT 'Booleanç±»å‹çš„triggerçš„ç¬¬ä¸€ä¸ªå‚æ•°',
  `bool_prop_2` varchar(1) CHARACTER SET utf8 COLLATE utf8_general_ci DEFAULT NULL COMMENT 'Booleanç±»å‹çš„triggerçš„ç¬¬äºŒä¸ªå‚æ•°',
  PRIMARY KEY (`sched_name`,`trigger_name`,`trigger_group`) USING BTREE,
  CONSTRAINT `qrtz_simprop_triggers_ibfk_1` FOREIGN KEY (`sched_name`, `trigger_name`, `trigger_group`) REFERENCES `qrtz_triggers` (`sched_name`, `trigger_name`, `trigger_group`) ON DELETE RESTRICT ON UPDATE RESTRICT
) ENGINE=InnoDB DEFAULT CHARSET=utf8mb3 ROW_FORMAT=DYNAMIC COMMENT='åŒæ­¥æœºåˆ¶çš„è¡Œé”è¡¨';
/*!40101 SET character_set_client = @saved_cs_client */;

--
-- Dumping data for table `qrtz_simprop_triggers`
--

LOCK TABLES `qrtz_simprop_triggers` WRITE;
/*!40000 ALTER TABLE `qrtz_simprop_triggers` DISABLE KEYS */;
/*!40000 ALTER TABLE `qrtz_simprop_triggers` ENABLE KEYS */;
UNLOCK TABLES;

--
-- Table structure for table `qrtz_triggers`
--

DROP TABLE IF EXISTS `qrtz_triggers`;
/*!40101 SET @saved_cs_client     = @@character_set_client */;
/*!50503 SET character_set_client = utf8mb4 */;
CREATE TABLE `qrtz_triggers` (
  `sched_name` varchar(120) CHARACTER SET utf8 COLLATE utf8_general_ci NOT NULL COMMENT 'è°ƒåº¦åç§°',
  `trigger_name` varchar(200) CHARACTER SET utf8 COLLATE utf8_general_ci NOT NULL COMMENT 'è§¦å‘å™¨çš„åå­—',
  `trigger_group` varchar(200) CHARACTER SET utf8 COLLATE utf8_general_ci NOT NULL COMMENT 'è§¦å‘å™¨æ‰€å±ç»„çš„åå­—',
  `job_name` varchar(200) CHARACTER SET utf8 COLLATE utf8_general_ci NOT NULL COMMENT 'qrtz_job_detailsè¡¨job_nameçš„å¤–é”®',
  `job_group` varchar(200) CHARACTER SET utf8 COLLATE utf8_general_ci NOT NULL COMMENT 'qrtz_job_detailsè¡¨job_groupçš„å¤–é”®',
  `description` varchar(250) CHARACTER SET utf8 COLLATE utf8_general_ci DEFAULT NULL COMMENT 'ç›¸å…³ä»‹ç»',
  `next_fire_time` bigint DEFAULT NULL COMMENT 'ä¸Šä¸€æ¬¡è§¦å‘æ—¶é—´ï¼ˆæ¯«ç§’ï¼‰',
  `prev_fire_time` bigint DEFAULT NULL COMMENT 'ä¸‹ä¸€æ¬¡è§¦å‘æ—¶é—´ï¼ˆé»˜è®¤ä¸º-1è¡¨ç¤ºä¸è§¦å‘ï¼‰',
  `priority` int DEFAULT NULL COMMENT 'ä¼˜å…ˆçº§',
  `trigger_state` varchar(16) CHARACTER SET utf8 COLLATE utf8_general_ci NOT NULL COMMENT 'è§¦å‘å™¨çŠ¶æ€',
  `trigger_type` varchar(8) CHARACTER SET utf8 COLLATE utf8_general_ci NOT NULL COMMENT 'è§¦å‘å™¨çš„ç±»å‹',
  `start_time` bigint NOT NULL COMMENT 'å¼€å§‹æ—¶é—´',
  `end_time` bigint DEFAULT NULL COMMENT 'ç»“æŸæ—¶é—´',
  `calendar_name` varchar(200) CHARACTER SET utf8 COLLATE utf8_general_ci DEFAULT NULL COMMENT 'æ—¥ç¨‹è¡¨åç§°',
  `misfire_instr` smallint DEFAULT NULL COMMENT 'è¡¥å¿æ‰§è¡Œçš„ç­–ç•¥',
  `job_data` blob COMMENT 'å­˜æ”¾æŒä¹…åŒ–jobå¯¹è±¡',
  PRIMARY KEY (`sched_name`,`trigger_name`,`trigger_group`) USING BTREE,
  KEY `sched_name` (`sched_name`,`job_name`,`job_group`) USING BTREE,
  CONSTRAINT `qrtz_triggers_ibfk_1` FOREIGN KEY (`sched_name`, `job_name`, `job_group`) REFERENCES `qrtz_job_details` (`sched_name`, `job_name`, `job_group`) ON DELETE RESTRICT ON UPDATE RESTRICT
) ENGINE=InnoDB DEFAULT CHARSET=utf8mb3 ROW_FORMAT=DYNAMIC COMMENT='è§¦å‘å™¨è¯¦ç»†ä¿¡æ¯è¡¨';
/*!40101 SET character_set_client = @saved_cs_client */;

--
-- Dumping data for table `qrtz_triggers`
--

LOCK TABLES `qrtz_triggers` WRITE;
/*!40000 ALTER TABLE `qrtz_triggers` DISABLE KEYS */;
INSERT INTO `qrtz_triggers` VALUES ('RuoyiScheduler','TASK_CLASS_NAME1','DEFAULT','TASK_CLASS_NAME1','DEFAULT',NULL,1642132390000,-1,5,'PAUSED','CRON',1642132384000,0,NULL,2,''),('RuoyiScheduler','TASK_CLASS_NAME2','DEFAULT','TASK_CLASS_NAME2','DEFAULT',NULL,1642132395000,-1,5,'PAUSED','CRON',1642132385000,0,NULL,2,''),('RuoyiScheduler','TASK_CLASS_NAME3','DEFAULT','TASK_CLASS_NAME3','DEFAULT',NULL,1642132400000,-1,5,'PAUSED','CRON',1642132385000,0,NULL,2,'');
/*!40000 ALTER TABLE `qrtz_triggers` ENABLE KEYS */;
UNLOCK TABLES;

--
-- Table structure for table `sys_config`
--

DROP TABLE IF EXISTS `sys_config`;
/*!40101 SET @saved_cs_client     = @@character_set_client */;
/*!50503 SET character_set_client = utf8mb4 */;
CREATE TABLE `sys_config` (
  `config_id` int NOT NULL AUTO_INCREMENT COMMENT 'å‚æ•°ä¸»é”®',
  `config_name` varchar(100) CHARACTER SET utf8 COLLATE utf8_general_ci DEFAULT '' COMMENT 'å‚æ•°åç§°',
  `config_key` varchar(100) CHARACTER SET utf8 COLLATE utf8_general_ci DEFAULT '' COMMENT 'å‚æ•°é”®å',
  `config_value` varchar(500) CHARACTER SET utf8 COLLATE utf8_general_ci DEFAULT '' COMMENT 'å‚æ•°é”®å€¼',
  `config_type` char(1) CHARACTER SET utf8 COLLATE utf8_general_ci DEFAULT 'N' COMMENT 'ç³»ç»Ÿå†…ç½®ï¼ˆYæ˜¯ Nå¦ï¼‰',
  `create_by` varchar(64) CHARACTER SET utf8 COLLATE utf8_general_ci DEFAULT '' COMMENT 'åˆ›å»ºè€…',
  `create_time` datetime DEFAULT NULL COMMENT 'åˆ›å»ºæ—¶é—´',
  `update_by` varchar(64) CHARACTER SET utf8 COLLATE utf8_general_ci DEFAULT '' COMMENT 'æ›´æ–°è€…',
  `update_time` datetime DEFAULT NULL COMMENT 'æ›´æ–°æ—¶é—´',
  `remark` varchar(500) CHARACTER SET utf8 COLLATE utf8_general_ci DEFAULT NULL COMMENT 'å¤‡æ³¨',
  PRIMARY KEY (`config_id`) USING BTREE
) ENGINE=InnoDB AUTO_INCREMENT=6 DEFAULT CHARSET=utf8mb3 ROW_FORMAT=DYNAMIC COMMENT='å‚æ•°é…ç½®è¡¨';
/*!40101 SET character_set_client = @saved_cs_client */;

--
-- Dumping data for table `sys_config`
--

LOCK TABLES `sys_config` WRITE;
/*!40000 ALTER TABLE `sys_config` DISABLE KEYS */;
INSERT INTO `sys_config` VALUES (1,'ä¸»æ¡†æ¶é¡µ-é»˜è®¤çš®è‚¤æ ·å¼åç§°','sys.index.skinName','skin-blue','Y','admin','2022-01-04 13:17:19','',NULL,'è“è‰² skin-blueã€ç»¿è‰² skin-greenã€ç´«è‰² skin-purpleã€çº¢è‰² skin-redã€é»„è‰² skin-yellow'),(2,'ç”¨æˆ·ç®¡ç†-è´¦å·åˆå§‹å¯†ç ','sys.user.initPassword','123456','Y','admin','2022-01-04 13:17:19','',NULL,'åˆå§‹åŒ–å¯†ç  123456'),(3,'ä¸»æ¡†æ¶é¡µ-ä¾§è¾¹æ ä¸»é¢˜','sys.index.sideTheme','theme-dark','Y','admin','2022-01-04 13:17:19','',NULL,'æ·±è‰²ä¸»é¢˜theme-darkï¼Œæµ…è‰²ä¸»é¢˜theme-light'),(4,'è´¦å·è‡ªåŠ©-éªŒè¯ç å¼€å…³','sys.account.captchaOnOff','true','Y','admin','2022-01-04 13:17:19','',NULL,'æ˜¯å¦å¼€å¯éªŒè¯ç åŠŸèƒ½ï¼ˆtrueå¼€å¯ï¼Œfalseå…³é—­ï¼‰'),(5,'è´¦å·è‡ªåŠ©-æ˜¯å¦å¼€å¯ç”¨æˆ·æ³¨å†ŒåŠŸèƒ½','sys.account.registerUser','false','Y','admin','2022-01-04 13:17:19','',NULL,'æ˜¯å¦å¼€å¯æ³¨å†Œç”¨æˆ·åŠŸèƒ½ï¼ˆtrueå¼€å¯ï¼Œfalseå…³é—­ï¼‰');
/*!40000 ALTER TABLE `sys_config` ENABLE KEYS */;
UNLOCK TABLES;

--
-- Table structure for table `sys_dept`
--

DROP TABLE IF EXISTS `sys_dept`;
/*!40101 SET @saved_cs_client     = @@character_set_client */;
/*!50503 SET character_set_client = utf8mb4 */;
CREATE TABLE `sys_dept` (
  `dept_id` bigint NOT NULL AUTO_INCREMENT COMMENT 'éƒ¨é—¨id',
  `parent_id` bigint DEFAULT '0' COMMENT 'çˆ¶éƒ¨é—¨id',
  `ancestors` varchar(50) CHARACTER SET utf8 COLLATE utf8_general_ci DEFAULT '' COMMENT 'ç¥–çº§åˆ—è¡¨',
  `dept_name` varchar(30) CHARACTER SET utf8 COLLATE utf8_general_ci DEFAULT '' COMMENT 'éƒ¨é—¨åç§°',
  `order_num` int DEFAULT '0' COMMENT 'æ˜¾ç¤ºé¡ºåº',
  `leader` varchar(20) CHARACTER SET utf8 COLLATE utf8_general_ci DEFAULT NULL COMMENT 'è´Ÿè´£äºº',
  `phone` varchar(11) CHARACTER SET utf8 COLLATE utf8_general_ci DEFAULT NULL COMMENT 'è”ç³»ç”µè¯',
  `email` varchar(50) CHARACTER SET utf8 COLLATE utf8_general_ci DEFAULT NULL COMMENT 'é‚®ç®±',
  `status` char(1) CHARACTER SET utf8 COLLATE utf8_general_ci DEFAULT '0' COMMENT 'éƒ¨é—¨çŠ¶æ€ï¼ˆ0æ­£å¸¸ 1åœç”¨ï¼‰',
  `del_flag` char(1) CHARACTER SET utf8 COLLATE utf8_general_ci DEFAULT '0' COMMENT 'åˆ é™¤æ ‡å¿—ï¼ˆ0ä»£è¡¨å­˜åœ¨ 2ä»£è¡¨åˆ é™¤ï¼‰',
  `create_by` varchar(64) CHARACTER SET utf8 COLLATE utf8_general_ci DEFAULT '' COMMENT 'åˆ›å»ºè€…',
  `create_time` datetime DEFAULT NULL COMMENT 'åˆ›å»ºæ—¶é—´',
  `update_by` varchar(64) CHARACTER SET utf8 COLLATE utf8_general_ci DEFAULT '' COMMENT 'æ›´æ–°è€…',
  `update_time` datetime DEFAULT NULL COMMENT 'æ›´æ–°æ—¶é—´',
  PRIMARY KEY (`dept_id`) USING BTREE
) ENGINE=InnoDB AUTO_INCREMENT=110 DEFAULT CHARSET=utf8mb3 ROW_FORMAT=DYNAMIC COMMENT='éƒ¨é—¨è¡¨';
/*!40101 SET character_set_client = @saved_cs_client */;

--
-- Dumping data for table `sys_dept`
--

LOCK TABLES `sys_dept` WRITE;
/*!40000 ALTER TABLE `sys_dept` DISABLE KEYS */;
INSERT INTO `sys_dept` VALUES (100,0,'0','è‹¥ä¾ç§‘æŠ€',0,'è‹¥ä¾','15888888888','ry@qq.com','0','0','admin','2022-01-04 13:17:19','',NULL),(101,100,'0,100','æ·±åœ³æ€»å…¬å¸',1,'è‹¥ä¾','15888888888','ry@qq.com','0','0','admin','2022-01-04 13:17:19','',NULL),(102,100,'0,100','é•¿æ²™åˆ†å…¬å¸',2,'è‹¥ä¾','15888888888','ry@qq.com','0','0','admin','2022-01-04 13:17:19','',NULL),(103,101,'0,100,101','ç ”å‘éƒ¨é—¨',1,'è‹¥ä¾','15888888888','ry@qq.com','0','0','admin','2022-01-04 13:17:19','',NULL),(104,101,'0,100,101','å¸‚åœºéƒ¨é—¨',2,'è‹¥ä¾','15888888888','ry@qq.com','0','0','admin','2022-01-04 13:17:19','',NULL),(105,101,'0,100,101','æµ‹è¯•éƒ¨é—¨',3,'è‹¥ä¾','15888888888','ry@qq.com','0','0','admin','2022-01-04 13:17:19','',NULL),(106,101,'0,100,101','è´¢åŠ¡éƒ¨é—¨',4,'è‹¥ä¾','15888888888','ry@qq.com','0','0','admin','2022-01-04 13:17:19','',NULL),(107,101,'0,100,101','è¿ç»´éƒ¨é—¨',5,'è‹¥ä¾','15888888888','ry@qq.com','0','0','admin','2022-01-04 13:17:19','',NULL),(108,102,'0,100,102','å¸‚åœºéƒ¨é—¨',1,'è‹¥ä¾','15888888888','ry@qq.com','0','0','admin','2022-01-04 13:17:19','',NULL),(109,102,'0,100,102','è´¢åŠ¡éƒ¨é—¨',2,'è‹¥ä¾','15888888888','ry@qq.com','0','0','admin','2022-01-04 13:17:19','',NULL);
/*!40000 ALTER TABLE `sys_dept` ENABLE KEYS */;
UNLOCK TABLES;

--
-- Table structure for table `sys_dict_data`
--

DROP TABLE IF EXISTS `sys_dict_data`;
/*!40101 SET @saved_cs_client     = @@character_set_client */;
/*!50503 SET character_set_client = utf8mb4 */;
CREATE TABLE `sys_dict_data` (
  `dict_code` bigint NOT NULL AUTO_INCREMENT COMMENT 'å­—å…¸ç¼–ç ',
  `dict_sort` int DEFAULT '0' COMMENT 'å­—å…¸æ’åº',
  `dict_label` varchar(100) CHARACTER SET utf8 COLLATE utf8_general_ci DEFAULT '' COMMENT 'å­—å…¸æ ‡ç­¾',
  `dict_value` varchar(100) CHARACTER SET utf8 COLLATE utf8_general_ci DEFAULT '' COMMENT 'å­—å…¸é”®å€¼',
  `dict_type` varchar(100) CHARACTER SET utf8 COLLATE utf8_general_ci DEFAULT '' COMMENT 'å­—å…¸ç±»å‹',
  `css_class` varchar(100) CHARACTER SET utf8 COLLATE utf8_general_ci DEFAULT NULL COMMENT 'æ ·å¼å±æ€§ï¼ˆå…¶ä»–æ ·å¼æ‰©å±•ï¼‰',
  `list_class` varchar(100) CHARACTER SET utf8 COLLATE utf8_general_ci DEFAULT NULL COMMENT 'è¡¨æ ¼å›æ˜¾æ ·å¼',
  `is_default` char(1) CHARACTER SET utf8 COLLATE utf8_general_ci DEFAULT 'N' COMMENT 'æ˜¯å¦é»˜è®¤ï¼ˆYæ˜¯ Nå¦ï¼‰',
  `status` char(1) CHARACTER SET utf8 COLLATE utf8_general_ci DEFAULT '0' COMMENT 'çŠ¶æ€ï¼ˆ0æ­£å¸¸ 1åœç”¨ï¼‰',
  `create_by` varchar(64) CHARACTER SET utf8 COLLATE utf8_general_ci DEFAULT '' COMMENT 'åˆ›å»ºè€…',
  `create_time` datetime DEFAULT NULL COMMENT 'åˆ›å»ºæ—¶é—´',
  `update_by` varchar(64) CHARACTER SET utf8 COLLATE utf8_general_ci DEFAULT '' COMMENT 'æ›´æ–°è€…',
  `update_time` datetime DEFAULT NULL COMMENT 'æ›´æ–°æ—¶é—´',
  `remark` varchar(500) CHARACTER SET utf8 COLLATE utf8_general_ci DEFAULT NULL COMMENT 'å¤‡æ³¨',
  PRIMARY KEY (`dict_code`) USING BTREE
) ENGINE=InnoDB AUTO_INCREMENT=31 DEFAULT CHARSET=utf8mb3 ROW_FORMAT=DYNAMIC COMMENT='å­—å…¸æ•°æ®è¡¨';
/*!40101 SET character_set_client = @saved_cs_client */;

--
-- Dumping data for table `sys_dict_data`
--

LOCK TABLES `sys_dict_data` WRITE;
/*!40000 ALTER TABLE `sys_dict_data` DISABLE KEYS */;
INSERT INTO `sys_dict_data` VALUES (1,1,'ç”·','0','sys_user_sex','','','Y','0','admin','2022-01-04 13:17:19','',NULL,'æ€§åˆ«ç”·'),(2,2,'å¥³','1','sys_user_sex','','','N','0','admin','2022-01-04 13:17:19','',NULL,'æ€§åˆ«å¥³'),(3,3,'æœªçŸ¥','2','sys_user_sex','','','N','0','admin','2022-01-04 13:17:19','',NULL,'æ€§åˆ«æœªçŸ¥'),(4,1,'æ˜¾ç¤º','0','sys_show_hide','','primary','Y','0','admin','2022-01-04 13:17:19','',NULL,'æ˜¾ç¤ºèœå•'),(5,2,'éšè—','1','sys_show_hide','','danger','N','0','admin','2022-01-04 13:17:19','',NULL,'éšè—èœå•'),(6,1,'æ­£å¸¸','0','sys_normal_disable','','primary','Y','0','admin','2022-01-04 13:17:19','',NULL,'æ­£å¸¸çŠ¶æ€'),(7,2,'åœç”¨','1','sys_normal_disable','','danger','N','0','admin','2022-01-04 13:17:19','',NULL,'åœç”¨çŠ¶æ€'),(8,1,'æ­£å¸¸','0','sys_job_status','','primary','Y','0','admin','2022-01-04 13:17:19','',NULL,'æ­£å¸¸çŠ¶æ€'),(9,2,'æš‚åœ','1','sys_job_status','','danger','N','0','admin','2022-01-04 13:17:19','',NULL,'åœç”¨çŠ¶æ€'),(10,1,'é»˜è®¤','DEFAULT','sys_job_group','','','Y','0','admin','2022-01-04 13:17:19','',NULL,'é»˜è®¤åˆ†ç»„'),(11,2,'ç³»ç»Ÿ','SYSTEM','sys_job_group','','','N','0','admin','2022-01-04 13:17:19','',NULL,'ç³»ç»Ÿåˆ†ç»„'),(12,1,'æ˜¯','Y','sys_yes_no','','primary','Y','0','admin','2022-01-04 13:17:19','',NULL,'ç³»ç»Ÿé»˜è®¤æ˜¯'),(13,2,'å¦','N','sys_yes_no','','danger','N','0','admin','2022-01-04 13:17:19','',NULL,'ç³»ç»Ÿé»˜è®¤å¦'),(14,1,'é€šçŸ¥','1','sys_notice_type','','warning','Y','0','admin','2022-01-04 13:17:19','',NULL,'é€šçŸ¥'),(15,2,'å…¬å‘Š','2','sys_notice_type','','success','N','0','admin','2022-01-04 13:17:19','',NULL,'å…¬å‘Š'),(16,1,'æ­£å¸¸','0','sys_notice_status','','primary','Y','0','admin','2022-01-04 13:17:19','',NULL,'æ­£å¸¸çŠ¶æ€'),(17,2,'å…³é—­','1','sys_notice_status','','danger','N','0','admin','2022-01-04 13:17:19','',NULL,'å…³é—­çŠ¶æ€'),(18,1,'æ–°å¢','1','sys_oper_type','','info','N','0','admin','2022-01-04 13:17:19','',NULL,'æ–°å¢æ“ä½œ'),(19,2,'ä¿®æ”¹','2','sys_oper_type','','info','N','0','admin','2022-01-04 13:17:19','',NULL,'ä¿®æ”¹æ“ä½œ'),(20,3,'åˆ é™¤','3','sys_oper_type','','danger','N','0','admin','2022-01-04 13:17:19','',NULL,'åˆ é™¤æ“ä½œ'),(21,4,'æˆæƒ','4','sys_oper_type','','primary','N','0','admin','2022-01-04 13:17:19','',NULL,'æˆæƒæ“ä½œ'),(22,5,'å¯¼å‡º','5','sys_oper_type','','warning','N','0','admin','2022-01-04 13:17:19','',NULL,'å¯¼å‡ºæ“ä½œ'),(23,6,'å¯¼å…¥','6','sys_oper_type','','warning','N','0','admin','2022-01-04 13:17:19','',NULL,'å¯¼å…¥æ“ä½œ'),(24,7,'å¼ºé€€','7','sys_oper_type','','danger','N','0','admin','2022-01-04 13:17:19','',NULL,'å¼ºé€€æ“ä½œ'),(25,8,'ç”Ÿæˆä»£ç ','8','sys_oper_type','','warning','N','0','admin','2022-01-04 13:17:19','',NULL,'ç”Ÿæˆæ“ä½œ'),(26,9,'æ¸…ç©ºæ•°æ®','9','sys_oper_type','','danger','N','0','admin','2022-01-04 13:17:19','',NULL,'æ¸…ç©ºæ“ä½œ'),(27,1,'æˆåŠŸ','0','sys_common_status','','primary','N','0','admin','2022-01-04 13:17:19','',NULL,'æ­£å¸¸çŠ¶æ€'),(28,2,'å¤±è´¥','1','sys_common_status','','danger','N','0','admin','2022-01-04 13:17:19','',NULL,'åœç”¨çŠ¶æ€'),(29,1,'C=CN,O=org.zz,OU=org.zz,CN=ZZ Root CA','0','sys_issuers',NULL,NULL,'N','0','admin',NULL,'',NULL,NULL),(30,1,'SM3WITHSM2','0','sys_signature_algorithm',NULL,NULL,'N','0','admin',NULL,'',NULL,NULL);
/*!40000 ALTER TABLE `sys_dict_data` ENABLE KEYS */;
UNLOCK TABLES;

--
-- Table structure for table `sys_dict_type`
--

DROP TABLE IF EXISTS `sys_dict_type`;
/*!40101 SET @saved_cs_client     = @@character_set_client */;
/*!50503 SET character_set_client = utf8mb4 */;
CREATE TABLE `sys_dict_type` (
  `dict_id` bigint NOT NULL AUTO_INCREMENT COMMENT 'å­—å…¸ä¸»é”®',
  `dict_name` varchar(100) CHARACTER SET utf8 COLLATE utf8_general_ci DEFAULT '' COMMENT 'å­—å…¸åç§°',
  `dict_type` varchar(100) CHARACTER SET utf8 COLLATE utf8_general_ci DEFAULT '' COMMENT 'å­—å…¸ç±»å‹',
  `status` char(1) CHARACTER SET utf8 COLLATE utf8_general_ci DEFAULT '0' COMMENT 'çŠ¶æ€ï¼ˆ0æ­£å¸¸ 1åœç”¨ï¼‰',
  `create_by` varchar(64) CHARACTER SET utf8 COLLATE utf8_general_ci DEFAULT '' COMMENT 'åˆ›å»ºè€…',
  `create_time` datetime DEFAULT NULL COMMENT 'åˆ›å»ºæ—¶é—´',
  `update_by` varchar(64) CHARACTER SET utf8 COLLATE utf8_general_ci DEFAULT '' COMMENT 'æ›´æ–°è€…',
  `update_time` datetime DEFAULT NULL COMMENT 'æ›´æ–°æ—¶é—´',
  `remark` varchar(500) CHARACTER SET utf8 COLLATE utf8_general_ci DEFAULT NULL COMMENT 'å¤‡æ³¨',
  PRIMARY KEY (`dict_id`) USING BTREE,
  UNIQUE KEY `dict_type` (`dict_type`) USING BTREE
) ENGINE=InnoDB AUTO_INCREMENT=102 DEFAULT CHARSET=utf8mb3 ROW_FORMAT=DYNAMIC COMMENT='å­—å…¸ç±»å‹è¡¨';
/*!40101 SET character_set_client = @saved_cs_client */;

--
-- Dumping data for table `sys_dict_type`
--

LOCK TABLES `sys_dict_type` WRITE;
/*!40000 ALTER TABLE `sys_dict_type` DISABLE KEYS */;
INSERT INTO `sys_dict_type` VALUES (1,'ç”¨æˆ·æ€§åˆ«','sys_user_sex','0','admin','2022-01-04 13:17:19','',NULL,'ç”¨æˆ·æ€§åˆ«åˆ—è¡¨'),(2,'èœå•çŠ¶æ€','sys_show_hide','0','admin','2022-01-04 13:17:19','',NULL,'èœå•çŠ¶æ€åˆ—è¡¨'),(3,'ç³»ç»Ÿå¼€å…³','sys_normal_disable','0','admin','2022-01-04 13:17:19','',NULL,'ç³»ç»Ÿå¼€å…³åˆ—è¡¨'),(4,'ä»»åŠ¡çŠ¶æ€','sys_job_status','0','admin','2022-01-04 13:17:19','',NULL,'ä»»åŠ¡çŠ¶æ€åˆ—è¡¨'),(5,'ä»»åŠ¡åˆ†ç»„','sys_job_group','0','admin','2022-01-04 13:17:19','',NULL,'ä»»åŠ¡åˆ†ç»„åˆ—è¡¨'),(6,'ç³»ç»Ÿæ˜¯å¦','sys_yes_no','0','admin','2022-01-04 13:17:19','',NULL,'ç³»ç»Ÿæ˜¯å¦åˆ—è¡¨'),(7,'é€šçŸ¥ç±»å‹','sys_notice_type','0','admin','2022-01-04 13:17:19','',NULL,'é€šçŸ¥ç±»å‹åˆ—è¡¨'),(8,'é€šçŸ¥çŠ¶æ€','sys_notice_status','0','admin','2022-01-04 13:17:19','',NULL,'é€šçŸ¥çŠ¶æ€åˆ—è¡¨'),(9,'æ“ä½œç±»å‹','sys_oper_type','0','admin','2022-01-04 13:17:19','',NULL,'æ“ä½œç±»å‹åˆ—è¡¨'),(10,'ç³»ç»ŸçŠ¶æ€','sys_common_status','0','admin','2022-01-04 13:17:19','',NULL,'ç™»å½•çŠ¶æ€åˆ—è¡¨'),(100,'é¢å‘è€…','sys_issuers','0','admin','2022-01-04 15:40:48','',NULL,'é¢å‘è€…åˆ—è¡¨'),(101,'ç­¾åç®—æ³•','sys_signature_algorithm','0','admin','2022-01-04 15:50:27','admin','2022-01-04 15:51:28','ç­¾åç®—æ³•åˆ—è¡¨');
/*!40000 ALTER TABLE `sys_dict_type` ENABLE KEYS */;
UNLOCK TABLES;

--
-- Table structure for table `sys_job`
--

DROP TABLE IF EXISTS `sys_job`;
/*!40101 SET @saved_cs_client     = @@character_set_client */;
/*!50503 SET character_set_client = utf8mb4 */;
CREATE TABLE `sys_job` (
  `job_id` bigint NOT NULL AUTO_INCREMENT COMMENT 'ä»»åŠ¡ID',
  `job_name` varchar(64) CHARACTER SET utf8 COLLATE utf8_general_ci NOT NULL DEFAULT '' COMMENT 'ä»»åŠ¡åç§°',
  `job_group` varchar(64) CHARACTER SET utf8 COLLATE utf8_general_ci NOT NULL DEFAULT 'DEFAULT' COMMENT 'ä»»åŠ¡ç»„å',
  `invoke_target` varchar(500) CHARACTER SET utf8 COLLATE utf8_general_ci NOT NULL COMMENT 'è°ƒç”¨ç›®æ ‡å­—ç¬¦ä¸²',
  `cron_expression` varchar(255) CHARACTER SET utf8 COLLATE utf8_general_ci DEFAULT '' COMMENT 'cronæ‰§è¡Œè¡¨è¾¾å¼',
  `misfire_policy` varchar(20) CHARACTER SET utf8 COLLATE utf8_general_ci DEFAULT '3' COMMENT 'è®¡åˆ’æ‰§è¡Œé”™è¯¯ç­–ç•¥ï¼ˆ1ç«‹å³æ‰§è¡Œ 2æ‰§è¡Œä¸€æ¬¡ 3æ”¾å¼ƒæ‰§è¡Œï¼‰',
  `concurrent` char(1) CHARACTER SET utf8 COLLATE utf8_general_ci DEFAULT '1' COMMENT 'æ˜¯å¦å¹¶å‘æ‰§è¡Œï¼ˆ0å…è®¸ 1ç¦æ­¢ï¼‰',
  `status` char(1) CHARACTER SET utf8 COLLATE utf8_general_ci DEFAULT '0' COMMENT 'çŠ¶æ€ï¼ˆ0æ­£å¸¸ 1æš‚åœï¼‰',
  `create_by` varchar(64) CHARACTER SET utf8 COLLATE utf8_general_ci DEFAULT '' COMMENT 'åˆ›å»ºè€…',
  `create_time` datetime DEFAULT NULL COMMENT 'åˆ›å»ºæ—¶é—´',
  `update_by` varchar(64) CHARACTER SET utf8 COLLATE utf8_general_ci DEFAULT '' COMMENT 'æ›´æ–°è€…',
  `update_time` datetime DEFAULT NULL COMMENT 'æ›´æ–°æ—¶é—´',
  `remark` varchar(500) CHARACTER SET utf8 COLLATE utf8_general_ci DEFAULT '' COMMENT 'å¤‡æ³¨ä¿¡æ¯',
  PRIMARY KEY (`job_id`,`job_name`,`job_group`) USING BTREE
) ENGINE=InnoDB AUTO_INCREMENT=4 DEFAULT CHARSET=utf8mb3 ROW_FORMAT=DYNAMIC COMMENT='å®šæ—¶ä»»åŠ¡è°ƒåº¦è¡¨';
/*!40101 SET character_set_client = @saved_cs_client */;

--
-- Dumping data for table `sys_job`
--

LOCK TABLES `sys_job` WRITE;
/*!40000 ALTER TABLE `sys_job` DISABLE KEYS */;
INSERT INTO `sys_job` VALUES (1,'ç³»ç»Ÿé»˜è®¤ï¼ˆæ— å‚ï¼‰','DEFAULT','ryTask.ryNoParams','0/10 * * * * ?','3','1','1','admin','2022-01-04 13:17:19','',NULL,''),(2,'ç³»ç»Ÿé»˜è®¤ï¼ˆæœ‰å‚ï¼‰','DEFAULT','ryTask.ryParams(\'ry\')','0/15 * * * * ?','3','1','1','admin','2022-01-04 13:17:19','',NULL,''),(3,'ç³»ç»Ÿé»˜è®¤ï¼ˆå¤šå‚ï¼‰','DEFAULT','ryTask.ryMultipleParams(\'ry\', true, 2000L, 316.50D, 100)','0/20 * * * * ?','3','1','1','admin','2022-01-04 13:17:19','',NULL,'');
/*!40000 ALTER TABLE `sys_job` ENABLE KEYS */;
UNLOCK TABLES;

--
-- Table structure for table `sys_job_log`
--

DROP TABLE IF EXISTS `sys_job_log`;
/*!40101 SET @saved_cs_client     = @@character_set_client */;
/*!50503 SET character_set_client = utf8mb4 */;
CREATE TABLE `sys_job_log` (
  `job_log_id` bigint NOT NULL AUTO_INCREMENT COMMENT 'ä»»åŠ¡æ—¥å¿—ID',
  `job_name` varchar(64) CHARACTER SET utf8 COLLATE utf8_general_ci NOT NULL COMMENT 'ä»»åŠ¡åç§°',
  `job_group` varchar(64) CHARACTER SET utf8 COLLATE utf8_general_ci NOT NULL COMMENT 'ä»»åŠ¡ç»„å',
  `invoke_target` varchar(500) CHARACTER SET utf8 COLLATE utf8_general_ci NOT NULL COMMENT 'è°ƒç”¨ç›®æ ‡å­—ç¬¦ä¸²',
  `job_message` varchar(500) CHARACTER SET utf8 COLLATE utf8_general_ci DEFAULT NULL COMMENT 'æ—¥å¿—ä¿¡æ¯',
  `status` char(1) CHARACTER SET utf8 COLLATE utf8_general_ci DEFAULT '0' COMMENT 'æ‰§è¡ŒçŠ¶æ€ï¼ˆ0æ­£å¸¸ 1å¤±è´¥ï¼‰',
  `exception_info` varchar(2000) CHARACTER SET utf8 COLLATE utf8_general_ci DEFAULT '' COMMENT 'å¼‚å¸¸ä¿¡æ¯',
  `create_time` datetime DEFAULT NULL COMMENT 'åˆ›å»ºæ—¶é—´',
  PRIMARY KEY (`job_log_id`) USING BTREE
) ENGINE=InnoDB DEFAULT CHARSET=utf8mb3 ROW_FORMAT=DYNAMIC COMMENT='å®šæ—¶ä»»åŠ¡è°ƒåº¦æ—¥å¿—è¡¨';
/*!40101 SET character_set_client = @saved_cs_client */;

--
-- Dumping data for table `sys_job_log`
--

LOCK TABLES `sys_job_log` WRITE;
/*!40000 ALTER TABLE `sys_job_log` DISABLE KEYS */;
/*!40000 ALTER TABLE `sys_job_log` ENABLE KEYS */;
UNLOCK TABLES;

--
-- Table structure for table `sys_logininfor`
--

DROP TABLE IF EXISTS `sys_logininfor`;
/*!40101 SET @saved_cs_client     = @@character_set_client */;
/*!50503 SET character_set_client = utf8mb4 */;
CREATE TABLE `sys_logininfor` (
  `info_id` bigint NOT NULL AUTO_INCREMENT COMMENT 'è®¿é—®ID',
  `user_name` varchar(50) CHARACTER SET utf8 COLLATE utf8_general_ci DEFAULT '' COMMENT 'ç”¨æˆ·è´¦å·',
  `ipaddr` varchar(128) CHARACTER SET utf8 COLLATE utf8_general_ci DEFAULT '' COMMENT 'ç™»å½•IPåœ°å€',
  `login_location` varchar(255) CHARACTER SET utf8 COLLATE utf8_general_ci DEFAULT '' COMMENT 'ç™»å½•åœ°ç‚¹',
  `browser` varchar(50) CHARACTER SET utf8 COLLATE utf8_general_ci DEFAULT '' COMMENT 'æµè§ˆå™¨ç±»å‹',
  `os` varchar(50) CHARACTER SET utf8 COLLATE utf8_general_ci DEFAULT '' COMMENT 'æ“ä½œç³»ç»Ÿ',
  `status` char(1) CHARACTER SET utf8 COLLATE utf8_general_ci DEFAULT '0' COMMENT 'ç™»å½•çŠ¶æ€ï¼ˆ0æˆåŠŸ 1å¤±è´¥ï¼‰',
  `msg` varchar(255) CHARACTER SET utf8 COLLATE utf8_general_ci DEFAULT '' COMMENT 'æç¤ºæ¶ˆæ¯',
  `login_time` datetime DEFAULT NULL COMMENT 'è®¿é—®æ—¶é—´',
  PRIMARY KEY (`info_id`) USING BTREE
) ENGINE=InnoDB AUTO_INCREMENT=122 DEFAULT CHARSET=utf8mb3 ROW_FORMAT=DYNAMIC COMMENT='ç³»ç»Ÿè®¿é—®è®°å½•';
/*!40101 SET character_set_client = @saved_cs_client */;

--
-- Dumping data for table `sys_logininfor`
--

LOCK TABLES `sys_logininfor` WRITE;
/*!40000 ALTER TABLE `sys_logininfor` DISABLE KEYS */;
INSERT INTO `sys_logininfor` VALUES (100,'admin','127.0.0.1','å†…ç½‘IP','Chrome 9','Windows 10','0','ç™»å½•æˆåŠŸ','2022-01-04 13:36:27'),(101,'admin','127.0.0.1','å†…ç½‘IP','Chrome 9','Windows 10','0','ç™»å½•æˆåŠŸ','2022-01-04 13:43:36'),(102,'admin','127.0.0.1','å†…ç½‘IP','Chrome 9','Windows 10','0','ç™»å½•æˆåŠŸ','2022-01-04 14:26:45'),(103,'admin','127.0.0.1','å†…ç½‘IP','Firefox 9','Windows 10','0','ç™»å½•æˆåŠŸ','2022-01-04 14:59:35'),(104,'admin','127.0.0.1','å†…ç½‘IP','Firefox 9','Windows 10','0','ç™»å½•æˆåŠŸ','2022-01-04 15:40:16'),(105,'admin','127.0.0.1','å†…ç½‘IP','Chrome 9','Windows 10','0','ç™»å½•æˆåŠŸ','2022-01-04 20:38:28'),(106,'admin','127.0.0.1','å†…ç½‘IP','Firefox 9','Windows 10','0','ç™»å½•æˆåŠŸ','2022-01-04 20:41:22'),(107,'admin','127.0.0.1','å†…ç½‘IP','Firefox 9','Windows 10','0','ç™»å½•æˆåŠŸ','2022-01-04 20:42:24'),(108,'admin','127.0.0.1','å†…ç½‘IP','Chrome 9','Windows 10','0','ç™»å½•æˆåŠŸ','2022-01-04 23:11:42'),(109,'admin','127.0.0.1','å†…ç½‘IP','Firefox 9','Windows 10','0','ç™»å½•æˆåŠŸ','2022-01-05 09:12:20'),(110,'admin','127.0.0.1','å†…ç½‘IP','Firefox 9','Windows 10','0','ç™»å½•æˆåŠŸ','2022-01-05 11:32:13'),(111,'admin','127.0.0.1','å†…ç½‘IP','Chrome 8','Windows 10','0','ç™»å½•æˆåŠŸ','2022-01-06 14:24:09'),(112,'admin','127.0.0.1','å†…ç½‘IP','Chrome 8','Windows 10','0','ç™»å½•æˆåŠŸ','2022-01-06 15:47:27'),(113,'admin','127.0.0.1','å†…ç½‘IP','Chrome 8','Windows 10','0','ç™»å½•æˆåŠŸ','2022-01-07 10:00:52'),(114,'admin','127.0.0.1','å†…ç½‘IP','Chrome 8','Windows 10','1','éªŒè¯ç é”™è¯¯','2022-01-07 11:06:07'),(115,'admin','127.0.0.1','å†…ç½‘IP','Chrome 8','Windows 10','0','ç™»å½•æˆåŠŸ','2022-01-07 11:06:11'),(116,'admin','127.0.0.1','å†…ç½‘IP','Chrome 8','Windows 10','0','ç™»å½•æˆåŠŸ','2022-01-10 09:40:57'),(117,'admin','127.0.0.1','å†…ç½‘IP','Chrome 9','Windows 10','0','ç™»å½•æˆåŠŸ','2022-01-12 10:51:04'),(118,'admin','127.0.0.1','å†…ç½‘IP','Chrome 8','Windows 10','0','ç™»å½•æˆåŠŸ','2022-01-12 10:54:31'),(119,'admin','127.0.0.1','å†…ç½‘IP','Chrome 8','Windows 10','0','ç™»å½•æˆåŠŸ','2022-01-14 09:36:09'),(120,'admin','127.0.0.1','å†…ç½‘IP','Chrome 8','Windows 10','0','ç™»å½•æˆåŠŸ','2022-01-14 10:55:06'),(121,'admin','127.0.0.1','å†…ç½‘IP','Chrome 8','Windows 10','0','ç™»å½•æˆåŠŸ','2022-01-14 11:53:25');
/*!40000 ALTER TABLE `sys_logininfor` ENABLE KEYS */;
UNLOCK TABLES;

--
-- Table structure for table `sys_menu`
--

DROP TABLE IF EXISTS `sys_menu`;
/*!40101 SET @saved_cs_client     = @@character_set_client */;
/*!50503 SET character_set_client = utf8mb4 */;
CREATE TABLE `sys_menu` (
  `menu_id` bigint NOT NULL AUTO_INCREMENT COMMENT 'èœå•ID',
  `menu_name` varchar(50) CHARACTER SET utf8 COLLATE utf8_general_ci NOT NULL COMMENT 'èœå•åç§°',
  `parent_id` bigint DEFAULT '0' COMMENT 'çˆ¶èœå•ID',
  `order_num` int DEFAULT '0' COMMENT 'æ˜¾ç¤ºé¡ºåº',
  `path` varchar(200) CHARACTER SET utf8 COLLATE utf8_general_ci DEFAULT '' COMMENT 'è·¯ç”±åœ°å€',
  `component` varchar(255) CHARACTER SET utf8 COLLATE utf8_general_ci DEFAULT NULL COMMENT 'ç»„ä»¶è·¯å¾„',
  `query` varchar(255) CHARACTER SET utf8 COLLATE utf8_general_ci DEFAULT NULL COMMENT 'è·¯ç”±å‚æ•°',
  `is_frame` int DEFAULT '1' COMMENT 'æ˜¯å¦ä¸ºå¤–é“¾ï¼ˆ0æ˜¯ 1å¦ï¼‰',
  `is_cache` int DEFAULT '0' COMMENT 'æ˜¯å¦ç¼“å­˜ï¼ˆ0ç¼“å­˜ 1ä¸ç¼“å­˜ï¼‰',
  `menu_type` char(1) CHARACTER SET utf8 COLLATE utf8_general_ci DEFAULT '' COMMENT 'èœå•ç±»å‹ï¼ˆMç›®å½• Cèœå• FæŒ‰é’®ï¼‰',
  `visible` char(1) CHARACTER SET utf8 COLLATE utf8_general_ci DEFAULT '0' COMMENT 'èœå•çŠ¶æ€ï¼ˆ0æ˜¾ç¤º 1éšè—ï¼‰',
  `status` char(1) CHARACTER SET utf8 COLLATE utf8_general_ci DEFAULT '0' COMMENT 'èœå•çŠ¶æ€ï¼ˆ0æ­£å¸¸ 1åœç”¨ï¼‰',
  `perms` varchar(100) CHARACTER SET utf8 COLLATE utf8_general_ci DEFAULT NULL COMMENT 'æƒé™æ ‡è¯†',
  `icon` varchar(100) CHARACTER SET utf8 COLLATE utf8_general_ci DEFAULT '#' COMMENT 'èœå•å›¾æ ‡',
  `create_by` varchar(64) CHARACTER SET utf8 COLLATE utf8_general_ci DEFAULT '' COMMENT 'åˆ›å»ºè€…',
  `create_time` datetime DEFAULT NULL COMMENT 'åˆ›å»ºæ—¶é—´',
  `update_by` varchar(64) CHARACTER SET utf8 COLLATE utf8_general_ci DEFAULT '' COMMENT 'æ›´æ–°è€…',
  `update_time` datetime DEFAULT NULL COMMENT 'æ›´æ–°æ—¶é—´',
  `remark` varchar(500) CHARACTER SET utf8 COLLATE utf8_general_ci DEFAULT '' COMMENT 'å¤‡æ³¨',
  PRIMARY KEY (`menu_id`) USING BTREE
) ENGINE=InnoDB AUTO_INCREMENT=2012 DEFAULT CHARSET=utf8mb3 ROW_FORMAT=DYNAMIC COMMENT='èœå•æƒé™è¡¨';
/*!40101 SET character_set_client = @saved_cs_client */;

--
-- Dumping data for table `sys_menu`
--

LOCK TABLES `sys_menu` WRITE;
/*!40000 ALTER TABLE `sys_menu` DISABLE KEYS */;
INSERT INTO `sys_menu` VALUES (1,'ç³»ç»Ÿç®¡ç†',0,1,'system',NULL,'',1,0,'M','0','0','','system','admin','2022-01-04 13:17:19','',NULL,'ç³»ç»Ÿç®¡ç†ç›®å½•'),(2,'ç³»ç»Ÿç›‘æ§',0,2,'monitor',NULL,'',1,0,'M','0','0','','monitor','admin','2022-01-04 13:17:19','',NULL,'ç³»ç»Ÿç›‘æ§ç›®å½•'),(3,'ç³»ç»Ÿå·¥å…·',0,3,'tool',NULL,'',1,0,'M','1','0','','tool','admin','2022-01-04 13:17:19','admin','2022-01-14 11:55:24','ç³»ç»Ÿå·¥å…·ç›®å½•'),(4,'è‹¥ä¾å®˜ç½‘',0,4,'http://ruoyi.vip',NULL,'',0,0,'M','1','0','','guide','admin','2022-01-04 13:17:19','admin','2022-01-14 11:55:18','è‹¥ä¾å®˜ç½‘åœ°å€'),(100,'ç”¨æˆ·ç®¡ç†',1,1,'user','system/user/index','',1,0,'C','0','0','system:user:list','user','admin','2022-01-04 13:17:19','',NULL,'ç”¨æˆ·ç®¡ç†èœå•'),(101,'è§’è‰²ç®¡ç†',1,2,'role','system/role/index','',1,0,'C','0','0','system:role:list','peoples','admin','2022-01-04 13:17:19','',NULL,'è§’è‰²ç®¡ç†èœå•'),(102,'èœå•ç®¡ç†',1,3,'menu','system/menu/index','',1,0,'C','0','0','system:menu:list','tree-table','admin','2022-01-04 13:17:19','',NULL,'èœå•ç®¡ç†èœå•'),(103,'éƒ¨é—¨ç®¡ç†',1,4,'dept','system/dept/index','',1,0,'C','0','0','system:dept:list','tree','admin','2022-01-04 13:17:19','',NULL,'éƒ¨é—¨ç®¡ç†èœå•'),(104,'å²—ä½ç®¡ç†',1,5,'post','system/post/index','',1,0,'C','0','0','system:post:list','post','admin','2022-01-04 13:17:19','',NULL,'å²—ä½ç®¡ç†èœå•'),(105,'å­—å…¸ç®¡ç†',1,6,'dict','system/dict/index','',1,0,'C','0','0','system:dict:list','dict','admin','2022-01-04 13:17:19','',NULL,'å­—å…¸ç®¡ç†èœå•'),(106,'å‚æ•°è®¾ç½®',1,7,'config','system/config/index','',1,0,'C','0','0','system:config:list','edit','admin','2022-01-04 13:17:19','',NULL,'å‚æ•°è®¾ç½®èœå•'),(107,'é€šçŸ¥å…¬å‘Š',1,8,'notice','system/notice/index','',1,0,'C','0','0','system:notice:list','message','admin','2022-01-04 13:17:19','',NULL,'é€šçŸ¥å…¬å‘Šèœå•'),(108,'æ—¥å¿—ç®¡ç†',1,9,'log','','',1,0,'M','0','0','','log','admin','2022-01-04 13:17:19','',NULL,'æ—¥å¿—ç®¡ç†èœå•'),(109,'åœ¨çº¿ç”¨æˆ·',2,1,'online','monitor/online/index','',1,0,'C','0','0','monitor:online:list','online','admin','2022-01-04 13:17:19','',NULL,'åœ¨çº¿ç”¨æˆ·èœå•'),(110,'å®šæ—¶ä»»åŠ¡',2,2,'job','monitor/job/index','',1,0,'C','0','0','monitor:job:list','job','admin','2022-01-04 13:17:19','',NULL,'å®šæ—¶ä»»åŠ¡èœå•'),(111,'æ•°æ®ç›‘æ§',2,3,'druid','monitor/druid/index','',1,0,'C','0','0','monitor:druid:list','druid','admin','2022-01-04 13:17:19','',NULL,'æ•°æ®ç›‘æ§èœå•'),(112,'æœåŠ¡ç›‘æ§',2,4,'server','monitor/server/index','',1,0,'C','0','0','monitor:server:list','server','admin','2022-01-04 13:17:19','',NULL,'æœåŠ¡ç›‘æ§èœå•'),(113,'ç¼“å­˜ç›‘æ§',2,5,'cache','monitor/cache/index','',1,0,'C','0','0','monitor:cache:list','redis','admin','2022-01-04 13:17:19','',NULL,'ç¼“å­˜ç›‘æ§èœå•'),(114,'è¡¨å•æ„å»º',3,1,'build','tool/build/index','',1,0,'C','0','0','tool:build:list','build','admin','2022-01-04 13:17:19','',NULL,'è¡¨å•æ„å»ºèœå•'),(115,'ä»£ç ç”Ÿæˆ',3,2,'gen','tool/gen/index','',1,0,'C','0','0','tool:gen:list','code','admin','2022-01-04 13:17:19','',NULL,'ä»£ç ç”Ÿæˆèœå•'),(116,'ç³»ç»Ÿæ¥å£',3,3,'swagger','tool/swagger/index','',1,0,'C','0','0','tool:swagger:list','swagger','admin','2022-01-04 13:17:19','',NULL,'ç³»ç»Ÿæ¥å£èœå•'),(500,'æ“ä½œæ—¥å¿—',108,1,'operlog','monitor/operlog/index','',1,0,'C','0','0','monitor:operlog:list','form','admin','2022-01-04 13:17:19','',NULL,'æ“ä½œæ—¥å¿—èœå•'),(501,'ç™»å½•æ—¥å¿—',108,2,'logininfor','monitor/logininfor/index','',1,0,'C','0','0','monitor:logininfor:list','logininfor','admin','2022-01-04 13:17:19','',NULL,'ç™»å½•æ—¥å¿—èœå•'),(1001,'ç”¨æˆ·æŸ¥è¯¢',100,1,'','','',1,0,'F','0','0','system:user:query','#','admin','2022-01-04 13:17:19','',NULL,''),(1002,'ç”¨æˆ·æ–°å¢',100,2,'','','',1,0,'F','0','0','system:user:add','#','admin','2022-01-04 13:17:19','',NULL,''),(1003,'ç”¨æˆ·ä¿®æ”¹',100,3,'','','',1,0,'F','0','0','system:user:edit','#','admin','2022-01-04 13:17:19','',NULL,''),(1004,'ç”¨æˆ·åˆ é™¤',100,4,'','','',1,0,'F','0','0','system:user:remove','#','admin','2022-01-04 13:17:19','',NULL,''),(1005,'ç”¨æˆ·å¯¼å‡º',100,5,'','','',1,0,'F','0','0','system:user:export','#','admin','2022-01-04 13:17:19','',NULL,''),(1006,'ç”¨æˆ·å¯¼å…¥',100,6,'','','',1,0,'F','0','0','system:user:import','#','admin','2022-01-04 13:17:19','',NULL,''),(1007,'é‡ç½®å¯†ç ',100,7,'','','',1,0,'F','0','0','system:user:resetPwd','#','admin','2022-01-04 13:17:19','',NULL,''),(1008,'è§’è‰²æŸ¥è¯¢',101,1,'','','',1,0,'F','0','0','system:role:query','#','admin','2022-01-04 13:17:19','',NULL,''),(1009,'è§’è‰²æ–°å¢',101,2,'','','',1,0,'F','0','0','system:role:add','#','admin','2022-01-04 13:17:19','',NULL,''),(1010,'è§’è‰²ä¿®æ”¹',101,3,'','','',1,0,'F','0','0','system:role:edit','#','admin','2022-01-04 13:17:19','',NULL,''),(1011,'è§’è‰²åˆ é™¤',101,4,'','','',1,0,'F','0','0','system:role:remove','#','admin','2022-01-04 13:17:19','',NULL,''),(1012,'è§’è‰²å¯¼å‡º',101,5,'','','',1,0,'F','0','0','system:role:export','#','admin','2022-01-04 13:17:19','',NULL,''),(1013,'èœå•æŸ¥è¯¢',102,1,'','','',1,0,'F','0','0','system:menu:query','#','admin','2022-01-04 13:17:19','',NULL,''),(1014,'èœå•æ–°å¢',102,2,'','','',1,0,'F','0','0','system:menu:add','#','admin','2022-01-04 13:17:19','',NULL,''),(1015,'èœå•ä¿®æ”¹',102,3,'','','',1,0,'F','0','0','system:menu:edit','#','admin','2022-01-04 13:17:19','',NULL,''),(1016,'èœå•åˆ é™¤',102,4,'','','',1,0,'F','0','0','system:menu:remove','#','admin','2022-01-04 13:17:19','',NULL,''),(1017,'éƒ¨é—¨æŸ¥è¯¢',103,1,'','','',1,0,'F','0','0','system:dept:query','#','admin','2022-01-04 13:17:19','',NULL,''),(1018,'éƒ¨é—¨æ–°å¢',103,2,'','','',1,0,'F','0','0','system:dept:add','#','admin','2022-01-04 13:17:19','',NULL,''),(1019,'éƒ¨é—¨ä¿®æ”¹',103,3,'','','',1,0,'F','0','0','system:dept:edit','#','admin','2022-01-04 13:17:19','',NULL,''),(1020,'éƒ¨é—¨åˆ é™¤',103,4,'','','',1,0,'F','0','0','system:dept:remove','#','admin','2022-01-04 13:17:19','',NULL,''),(1021,'å²—ä½æŸ¥è¯¢',104,1,'','','',1,0,'F','0','0','system:post:query','#','admin','2022-01-04 13:17:19','',NULL,''),(1022,'å²—ä½æ–°å¢',104,2,'','','',1,0,'F','0','0','system:post:add','#','admin','2022-01-04 13:17:19','',NULL,''),(1023,'å²—ä½ä¿®æ”¹',104,3,'','','',1,0,'F','0','0','system:post:edit','#','admin','2022-01-04 13:17:19','',NULL,''),(1024,'å²—ä½åˆ é™¤',104,4,'','','',1,0,'F','0','0','system:post:remove','#','admin','2022-01-04 13:17:19','',NULL,''),(1025,'å²—ä½å¯¼å‡º',104,5,'','','',1,0,'F','0','0','system:post:export','#','admin','2022-01-04 13:17:19','',NULL,''),(1026,'å­—å…¸æŸ¥è¯¢',105,1,'#','','',1,0,'F','0','0','system:dict:query','#','admin','2022-01-04 13:17:19','',NULL,''),(1027,'å­—å…¸æ–°å¢',105,2,'#','','',1,0,'F','0','0','system:dict:add','#','admin','2022-01-04 13:17:19','',NULL,''),(1028,'å­—å…¸ä¿®æ”¹',105,3,'#','','',1,0,'F','0','0','system:dict:edit','#','admin','2022-01-04 13:17:19','',NULL,''),(1029,'å­—å…¸åˆ é™¤',105,4,'#','','',1,0,'F','0','0','system:dict:remove','#','admin','2022-01-04 13:17:19','',NULL,''),(1030,'å­—å…¸å¯¼å‡º',105,5,'#','','',1,0,'F','0','0','system:dict:export','#','admin','2022-01-04 13:17:19','',NULL,''),(1031,'å‚æ•°æŸ¥è¯¢',106,1,'#','','',1,0,'F','0','0','system:config:query','#','admin','2022-01-04 13:17:19','',NULL,''),(1032,'å‚æ•°æ–°å¢',106,2,'#','','',1,0,'F','0','0','system:config:add','#','admin','2022-01-04 13:17:19','',NULL,''),(1033,'å‚æ•°ä¿®æ”¹',106,3,'#','','',1,0,'F','0','0','system:config:edit','#','admin','2022-01-04 13:17:19','',NULL,''),(1034,'å‚æ•°åˆ é™¤',106,4,'#','','',1,0,'F','0','0','system:config:remove','#','admin','2022-01-04 13:17:19','',NULL,''),(1035,'å‚æ•°å¯¼å‡º',106,5,'#','','',1,0,'F','0','0','system:config:export','#','admin','2022-01-04 13:17:19','',NULL,''),(1036,'å…¬å‘ŠæŸ¥è¯¢',107,1,'#','','',1,0,'F','0','0','system:notice:query','#','admin','2022-01-04 13:17:19','',NULL,''),(1037,'å…¬å‘Šæ–°å¢',107,2,'#','','',1,0,'F','0','0','system:notice:add','#','admin','2022-01-04 13:17:19','',NULL,''),(1038,'å…¬å‘Šä¿®æ”¹',107,3,'#','','',1,0,'F','0','0','system:notice:edit','#','admin','2022-01-04 13:17:19','',NULL,''),(1039,'å…¬å‘Šåˆ é™¤',107,4,'#','','',1,0,'F','0','0','system:notice:remove','#','admin','2022-01-04 13:17:19','',NULL,''),(1040,'æ“ä½œæŸ¥è¯¢',500,1,'#','','',1,0,'F','0','0','monitor:operlog:query','#','admin','2022-01-04 13:17:19','',NULL,''),(1041,'æ“ä½œåˆ é™¤',500,2,'#','','',1,0,'F','0','0','monitor:operlog:remove','#','admin','2022-01-04 13:17:19','',NULL,''),(1042,'æ—¥å¿—å¯¼å‡º',500,4,'#','','',1,0,'F','0','0','monitor:operlog:export','#','admin','2022-01-04 13:17:19','',NULL,''),(1043,'ç™»å½•æŸ¥è¯¢',501,1,'#','','',1,0,'F','0','0','monitor:logininfor:query','#','admin','2022-01-04 13:17:19','',NULL,''),(1044,'ç™»å½•åˆ é™¤',501,2,'#','','',1,0,'F','0','0','monitor:logininfor:remove','#','admin','2022-01-04 13:17:19','',NULL,''),(1045,'æ—¥å¿—å¯¼å‡º',501,3,'#','','',1,0,'F','0','0','monitor:logininfor:export','#','admin','2022-01-04 13:17:19','',NULL,''),(1046,'åœ¨çº¿æŸ¥è¯¢',109,1,'#','','',1,0,'F','0','0','monitor:online:query','#','admin','2022-01-04 13:17:19','',NULL,''),(1047,'æ‰¹é‡å¼ºé€€',109,2,'#','','',1,0,'F','0','0','monitor:online:batchLogout','#','admin','2022-01-04 13:17:19','',NULL,''),(1048,'å•æ¡å¼ºé€€',109,3,'#','','',1,0,'F','0','0','monitor:online:forceLogout','#','admin','2022-01-04 13:17:19','',NULL,''),(1049,'ä»»åŠ¡æŸ¥è¯¢',110,1,'#','','',1,0,'F','0','0','monitor:job:query','#','admin','2022-01-04 13:17:19','',NULL,''),(1050,'ä»»åŠ¡æ–°å¢',110,2,'#','','',1,0,'F','0','0','monitor:job:add','#','admin','2022-01-04 13:17:19','',NULL,''),(1051,'ä»»åŠ¡ä¿®æ”¹',110,3,'#','','',1,0,'F','0','0','monitor:job:edit','#','admin','2022-01-04 13:17:19','',NULL,''),(1052,'ä»»åŠ¡åˆ é™¤',110,4,'#','','',1,0,'F','0','0','monitor:job:remove','#','admin','2022-01-04 13:17:19','',NULL,''),(1053,'çŠ¶æ€ä¿®æ”¹',110,5,'#','','',1,0,'F','0','0','monitor:job:changeStatus','#','admin','2022-01-04 13:17:19','',NULL,''),(1054,'ä»»åŠ¡å¯¼å‡º',110,7,'#','','',1,0,'F','0','0','monitor:job:export','#','admin','2022-01-04 13:17:19','',NULL,''),(1055,'ç”ŸæˆæŸ¥è¯¢',115,1,'#','','',1,0,'F','0','0','tool:gen:query','#','admin','2022-01-04 13:17:19','',NULL,''),(1056,'ç”Ÿæˆä¿®æ”¹',115,2,'#','','',1,0,'F','0','0','tool:gen:edit','#','admin','2022-01-04 13:17:19','',NULL,''),(1057,'ç”Ÿæˆåˆ é™¤',115,3,'#','','',1,0,'F','0','0','tool:gen:remove','#','admin','2022-01-04 13:17:19','',NULL,''),(1058,'å¯¼å…¥ä»£ç ',115,2,'#','','',1,0,'F','0','0','tool:gen:import','#','admin','2022-01-04 13:17:19','',NULL,''),(1059,'é¢„è§ˆä»£ç ',115,4,'#','','',1,0,'F','0','0','tool:gen:preview','#','admin','2022-01-04 13:17:19','',NULL,''),(1060,'ç”Ÿæˆä»£ç ',115,5,'#','','',1,0,'F','0','0','tool:gen:code','#','admin','2022-01-04 13:17:19','',NULL,''),(2006,'è¯ä¹¦ç®¡ç†',3,1,'cer','system/cer/index',NULL,1,0,'C','0','0','system:cer:list','#','admin','2022-01-05 09:28:16','',NULL,'è¯ä¹¦ç®¡ç†èœå•'),(2007,'è¯ä¹¦ç®¡ç†æŸ¥è¯¢',2006,1,'#','',NULL,1,0,'F','0','0','system:cer:query','#','admin','2022-01-05 09:28:16','',NULL,''),(2008,'è¯ä¹¦ç®¡ç†æ–°å¢',2006,2,'#','',NULL,1,0,'F','0','0','system:cer:add','#','admin','2022-01-05 09:28:16','',NULL,''),(2009,'è¯ä¹¦ç®¡ç†ä¿®æ”¹',2006,3,'#','',NULL,1,0,'F','0','0','system:cer:edit','#','admin','2022-01-05 09:28:16','',NULL,''),(2010,'è¯ä¹¦ç®¡ç†åˆ é™¤',2006,4,'#','',NULL,1,0,'F','0','0','system:cer:remove','#','admin','2022-01-05 09:28:16','',NULL,''),(2011,'è¯ä¹¦ç®¡ç†å¯¼å‡º',2006,5,'#','',NULL,1,0,'F','0','0','system:cer:export','#','admin','2022-01-05 09:28:16','',NULL,'');
/*!40000 ALTER TABLE `sys_menu` ENABLE KEYS */;
UNLOCK TABLES;

--
-- Table structure for table `sys_notice`
--

DROP TABLE IF EXISTS `sys_notice`;
/*!40101 SET @saved_cs_client     = @@character_set_client */;
/*!50503 SET character_set_client = utf8mb4 */;
CREATE TABLE `sys_notice` (
  `notice_id` int NOT NULL AUTO_INCREMENT COMMENT 'å…¬å‘ŠID',
  `notice_title` varchar(50) CHARACTER SET utf8 COLLATE utf8_general_ci NOT NULL COMMENT 'å…¬å‘Šæ ‡é¢˜',
  `notice_type` char(1) CHARACTER SET utf8 COLLATE utf8_general_ci NOT NULL COMMENT 'å…¬å‘Šç±»å‹ï¼ˆ1é€šçŸ¥ 2å…¬å‘Šï¼‰',
  `notice_content` longblob COMMENT 'å…¬å‘Šå†…å®¹',
  `status` char(1) CHARACTER SET utf8 COLLATE utf8_general_ci DEFAULT '0' COMMENT 'å…¬å‘ŠçŠ¶æ€ï¼ˆ0æ­£å¸¸ 1å…³é—­ï¼‰',
  `create_by` varchar(64) CHARACTER SET utf8 COLLATE utf8_general_ci DEFAULT '' COMMENT 'åˆ›å»ºè€…',
  `create_time` datetime DEFAULT NULL COMMENT 'åˆ›å»ºæ—¶é—´',
  `update_by` varchar(64) CHARACTER SET utf8 COLLATE utf8_general_ci DEFAULT '' COMMENT 'æ›´æ–°è€…',
  `update_time` datetime DEFAULT NULL COMMENT 'æ›´æ–°æ—¶é—´',
  `remark` varchar(255) CHARACTER SET utf8 COLLATE utf8_general_ci DEFAULT NULL COMMENT 'å¤‡æ³¨',
  PRIMARY KEY (`notice_id`) USING BTREE
) ENGINE=InnoDB AUTO_INCREMENT=3 DEFAULT CHARSET=utf8mb3 ROW_FORMAT=DYNAMIC COMMENT='é€šçŸ¥å…¬å‘Šè¡¨';
/*!40101 SET character_set_client = @saved_cs_client */;

--
-- Dumping data for table `sys_notice`
--

LOCK TABLES `sys_notice` WRITE;
/*!40000 ALTER TABLE `sys_notice` DISABLE KEYS */;
INSERT INTO `sys_notice` VALUES (1,'æ¸©é¦¨æé†’ï¼š2018-07-01 è‹¥ä¾æ–°ç‰ˆæœ¬å‘å¸ƒå•¦','2',_binary 'æ–°ç‰ˆæœ¬å†…å®¹','0','admin','2022-01-04 13:17:19','',NULL,'ç®¡ç†å‘˜'),(2,'ç»´æŠ¤é€šçŸ¥ï¼š2018-07-01 è‹¥ä¾ç³»ç»Ÿå‡Œæ™¨ç»´æŠ¤','1',_binary 'ç»´æŠ¤å†…å®¹','0','admin','2022-01-04 13:17:19','',NULL,'ç®¡ç†å‘˜');
/*!40000 ALTER TABLE `sys_notice` ENABLE KEYS */;
UNLOCK TABLES;

--
-- Table structure for table `sys_oper_log`
--

DROP TABLE IF EXISTS `sys_oper_log`;
/*!40101 SET @saved_cs_client     = @@character_set_client */;
/*!50503 SET character_set_client = utf8mb4 */;
CREATE TABLE `sys_oper_log` (
  `oper_id` bigint NOT NULL AUTO_INCREMENT COMMENT 'æ—¥å¿—ä¸»é”®',
  `title` varchar(50) CHARACTER SET utf8 COLLATE utf8_general_ci DEFAULT '' COMMENT 'æ¨¡å—æ ‡é¢˜',
  `business_type` int DEFAULT '0' COMMENT 'ä¸šåŠ¡ç±»å‹ï¼ˆ0å…¶å®ƒ 1æ–°å¢ 2ä¿®æ”¹ 3åˆ é™¤ï¼‰',
  `method` varchar(100) CHARACTER SET utf8 COLLATE utf8_general_ci DEFAULT '' COMMENT 'æ–¹æ³•åç§°',
  `request_method` varchar(10) CHARACTER SET utf8 COLLATE utf8_general_ci DEFAULT '' COMMENT 'è¯·æ±‚æ–¹å¼',
  `operator_type` int DEFAULT '0' COMMENT 'æ“ä½œç±»åˆ«ï¼ˆ0å…¶å®ƒ 1åå°ç”¨æˆ· 2æ‰‹æœºç«¯ç”¨æˆ·ï¼‰',
  `oper_name` varchar(50) CHARACTER SET utf8 COLLATE utf8_general_ci DEFAULT '' COMMENT 'æ“ä½œäººå‘˜',
  `dept_name` varchar(50) CHARACTER SET utf8 COLLATE utf8_general_ci DEFAULT '' COMMENT 'éƒ¨é—¨åç§°',
  `oper_url` varchar(255) CHARACTER SET utf8 COLLATE utf8_general_ci DEFAULT '' COMMENT 'è¯·æ±‚URL',
  `oper_ip` varchar(128) CHARACTER SET utf8 COLLATE utf8_general_ci DEFAULT '' COMMENT 'ä¸»æœºåœ°å€',
  `oper_location` varchar(255) CHARACTER SET utf8 COLLATE utf8_general_ci DEFAULT '' COMMENT 'æ“ä½œåœ°ç‚¹',
  `oper_param` varchar(2000) CHARACTER SET utf8 COLLATE utf8_general_ci DEFAULT '' COMMENT 'è¯·æ±‚å‚æ•°',
  `json_result` varchar(2000) CHARACTER SET utf8 COLLATE utf8_general_ci DEFAULT '' COMMENT 'è¿”å›å‚æ•°',
  `status` int DEFAULT '0' COMMENT 'æ“ä½œçŠ¶æ€ï¼ˆ0æ­£å¸¸ 1å¼‚å¸¸ï¼‰',
  `error_msg` varchar(2000) CHARACTER SET utf8 COLLATE utf8_general_ci DEFAULT '' COMMENT 'é”™è¯¯æ¶ˆæ¯',
  `oper_time` datetime DEFAULT NULL COMMENT 'æ“ä½œæ—¶é—´',
  PRIMARY KEY (`oper_id`) USING BTREE
) ENGINE=InnoDB AUTO_INCREMENT=134 DEFAULT CHARSET=utf8mb3 ROW_FORMAT=DYNAMIC COMMENT='æ“ä½œæ—¥å¿—è®°å½•';
/*!40101 SET character_set_client = @saved_cs_client */;

--
-- Dumping data for table `sys_oper_log`
--

LOCK TABLES `sys_oper_log` WRITE;
/*!40000 ALTER TABLE `sys_oper_log` DISABLE KEYS */;
INSERT INTO `sys_oper_log` VALUES (100,'ä»£ç ç”Ÿæˆ',6,'com.ruoyi.generator.controller.GenController.importTableSave()','POST',1,'admin',NULL,'/tool/gen/importTable','127.0.0.1','å†…ç½‘IP','certificate','{\"msg\":\"æ“ä½œæˆåŠŸ\",\"code\":200}',0,NULL,'2022-01-04 14:28:05'),(101,'ä»£ç ç”Ÿæˆ',2,'com.ruoyi.generator.controller.GenController.editSave()','PUT',1,'admin',NULL,'/tool/gen','127.0.0.1','å†…ç½‘IP','{\"sub\":false,\"functionAuthor\":\"ruoyi\",\"columns\":[{\"capJavaField\":\"Version\",\"usableColumn\":false,\"columnId\":1,\"isIncrement\":\"0\",\"increment\":false,\"insert\":true,\"isList\":\"1\",\"dictType\":\"\",\"required\":true,\"superColumn\":false,\"updateBy\":\"\",\"isInsert\":\"1\",\"isRequired\":\"1\",\"javaField\":\"version\",\"htmlType\":\"input\",\"edit\":false,\"query\":true,\"columnComment\":\"ç‰ˆæœ¬å·\",\"isQuery\":\"1\",\"sort\":1,\"list\":true,\"params\":{},\"javaType\":\"Long\",\"queryType\":\"EQ\",\"columnType\":\"int(11)\",\"createBy\":\"admin\",\"isPk\":\"0\",\"createTime\":1641277685000,\"tableId\":1,\"pk\":false,\"columnName\":\"version\"},{\"capJavaField\":\"SerialNumber\",\"usableColumn\":false,\"columnId\":2,\"isIncrement\":\"0\",\"increment\":false,\"insert\":true,\"isList\":\"1\",\"dictType\":\"\",\"required\":true,\"superColumn\":false,\"updateBy\":\"\",\"isInsert\":\"1\",\"isRequired\":\"1\",\"javaField\":\"serialNumber\",\"htmlType\":\"input\",\"edit\":false,\"query\":true,\"columnComment\":\"åºåˆ—å·\",\"isQuery\":\"1\",\"sort\":2,\"list\":true,\"params\":{},\"javaType\":\"String\",\"queryType\":\"EQ\",\"columnType\":\"varchar(255)\",\"createBy\":\"admin\",\"isPk\":\"0\",\"createTime\":1641277685000,\"tableId\":1,\"pk\":false,\"columnName\":\"serial_number\"},{\"capJavaField\":\"IssuerDn\",\"usableColumn\":false,\"columnId\":3,\"isIncrement\":\"0\",\"increment\":false,\"insert\":true,\"isList\":\"1\",\"dictType\":\"\",\"required\":true,\"superColumn\":false,\"updateBy\":\"\",\"isInsert\":\"1\",\"isRequired\":\"1\",\"javaField\":\"issuerDn\",\"htmlType\":\"select\",\"edit\":false,\"query\":true,\"columnComment\":\"é¢å‘è€…\",\"isQuery\":\"1\",\"sort\":3,\"list\":true,\"params\":{},\"javaType\":\"String\",\"queryType\":\"EQ\",\"columnType\":\"varchar(255)\",\"createBy\":\"admin\",\"isPk\":\"0\",\"createTime\":1641277685000,\"tableId\":1,\"pk\":false,\"columnName\":\"issuer_DN\"},{\"capJavaField\":\"StartDate\",\"usableColumn\":false,\"columnId\":4,\"isIncrement\":\"0\",\"increment\":false,\"insert\":true,\"isList\":\"1\",\"dictType\":\"\",\"required\":true,\"superColumn\":false,\"updateBy\":\"\",\"isInsert\":\"1\",\"isRequired\":\"1\",\"javaField\":\"startDate\",\"htmlType\":\"datetime\",\"edit\":false,\"query\":true,\"columnComment\":\"ç”Ÿæ•ˆæ—¶é—´\",\"isQuery\":\"1\",\"sort\":4,\"list\":true,\"params\":{},\"j','{\"msg\":\"æ“ä½œæˆåŠŸ\",\"code\":200}',0,NULL,'2022-01-04 14:45:40'),(102,'ä»£ç ç”Ÿæˆ',8,'com.ruoyi.generator.controller.GenController.batchGenCode()','GET',1,'admin',NULL,'/tool/gen/batchGenCode','127.0.0.1','å†…ç½‘IP','{}',NULL,0,NULL,'2022-01-04 14:45:46'),(103,'èœå•ç®¡ç†',2,'com.ruoyi.web.controller.system.SysMenuController.edit()','PUT',1,'admin',NULL,'/system/menu','127.0.0.1','å†…ç½‘IP','{\"visible\":\"0\",\"icon\":\"#\",\"orderNum\":\"1\",\"menuName\":\"è¯ä¹¦åˆ—è¡¨\",\"params\":{},\"parentId\":3,\"isCache\":\"0\",\"path\":\"certificate\",\"component\":\"system/certificate/index\",\"children\":[],\"createTime\":1641279130000,\"updateBy\":\"admin\",\"isFrame\":\"1\",\"menuId\":2000,\"menuType\":\"C\",\"perms\":\"system:certificate:list\",\"status\":\"0\"}','{\"msg\":\"æ“ä½œæˆåŠŸ\",\"code\":200}',0,NULL,'2022-01-04 15:03:05'),(104,'èœå•ç®¡ç†',2,'com.ruoyi.web.controller.system.SysMenuController.edit()','PUT',1,'admin',NULL,'/system/menu','127.0.0.1','å†…ç½‘IP','{\"visible\":\"0\",\"icon\":\"#\",\"orderNum\":\"1\",\"menuName\":\"è¯ä¹¦åˆ—è¡¨\",\"params\":{},\"parentId\":0,\"isCache\":\"0\",\"path\":\"certificate\",\"component\":\"system/certificate/index\",\"children\":[],\"createTime\":1641279130000,\"updateBy\":\"admin\",\"isFrame\":\"1\",\"menuId\":2000,\"menuType\":\"C\",\"perms\":\"system:certificate:list\",\"status\":\"0\"}','{\"msg\":\"æ“ä½œæˆåŠŸ\",\"code\":200}',0,NULL,'2022-01-04 15:04:24'),(105,'å­—å…¸ç±»å‹',1,'com.ruoyi.web.controller.system.SysDictTypeController.add()','POST',1,'admin',NULL,'/system/dict/type','127.0.0.1','å†…ç½‘IP','{\"createBy\":\"admin\",\"dictName\":\"é¢å‘è€…\",\"remark\":\"é¢å‘è€…åˆ—è¡¨\",\"params\":{},\"dictType\":\"sys_issuers\",\"status\":\"0\"}','{\"msg\":\"æ“ä½œæˆåŠŸ\",\"code\":200}',0,NULL,'2022-01-04 15:40:48'),(106,'å­—å…¸ç±»å‹',5,'com.ruoyi.web.controller.system.SysDictTypeController.export()','POST',1,'admin',NULL,'/system/dict/type/export','127.0.0.1','å†…ç½‘IP','{\"params\":{}}',NULL,0,NULL,'2022-01-04 15:41:39'),(107,'å­—å…¸ç±»å‹',1,'com.ruoyi.web.controller.system.SysDictTypeController.add()','POST',1,'admin',NULL,'/system/dict/type','127.0.0.1','å†…ç½‘IP','{\"createBy\":\"admin\",\"dictName\":\"ä½¿ç”¨è€…\",\"remark\":\"ä½¿ç”¨è€…åˆ—è¡¨\",\"params\":{},\"dictType\":\"sys_subjects\",\"status\":\"0\"}','{\"msg\":\"æ“ä½œæˆåŠŸ\",\"code\":200}',0,NULL,'2022-01-04 15:50:27'),(108,'å­—å…¸ç±»å‹',2,'com.ruoyi.web.controller.system.SysDictTypeController.edit()','PUT',1,'admin',NULL,'/system/dict/type','127.0.0.1','å†…ç½‘IP','{\"createBy\":\"admin\",\"createTime\":1641282627000,\"updateBy\":\"admin\",\"dictName\":\"ç­¾åç®—æ³•\",\"remark\":\"ç­¾åç®—æ³•åˆ—è¡¨\",\"dictId\":101,\"params\":{},\"dictType\":\"sys_signature_algorithm\",\"status\":\"0\"}','{\"msg\":\"æ“ä½œæˆåŠŸ\",\"code\":200}',0,NULL,'2022-01-04 15:51:28'),(109,'ä»£ç ç”Ÿæˆ',2,'com.ruoyi.generator.controller.GenController.editSave()','PUT',1,'admin',NULL,'/tool/gen','127.0.0.1','å†…ç½‘IP','{\"sub\":false,\"functionAuthor\":\"ruoyi\",\"columns\":[{\"capJavaField\":\"Version\",\"usableColumn\":false,\"columnId\":1,\"isIncrement\":\"0\",\"increment\":false,\"insert\":true,\"isList\":\"1\",\"dictType\":\"\",\"required\":true,\"superColumn\":false,\"updateBy\":\"\",\"isInsert\":\"1\",\"isRequired\":\"1\",\"javaField\":\"version\",\"htmlType\":\"input\",\"edit\":false,\"query\":true,\"columnComment\":\"ç‰ˆæœ¬å·\",\"isQuery\":\"1\",\"updateTime\":1641278740000,\"sort\":1,\"list\":true,\"params\":{},\"javaType\":\"Long\",\"queryType\":\"EQ\",\"columnType\":\"int(11)\",\"createBy\":\"admin\",\"isPk\":\"0\",\"createTime\":1641277685000,\"tableId\":1,\"pk\":false,\"columnName\":\"version\"},{\"capJavaField\":\"SerialNumber\",\"usableColumn\":false,\"columnId\":2,\"isIncrement\":\"0\",\"increment\":false,\"insert\":true,\"isList\":\"1\",\"dictType\":\"\",\"required\":true,\"superColumn\":false,\"updateBy\":\"\",\"isInsert\":\"1\",\"isRequired\":\"1\",\"javaField\":\"serialNumber\",\"htmlType\":\"input\",\"edit\":false,\"query\":true,\"columnComment\":\"åºåˆ—å·\",\"isQuery\":\"1\",\"updateTime\":1641278740000,\"sort\":2,\"list\":true,\"params\":{},\"javaType\":\"String\",\"queryType\":\"EQ\",\"columnType\":\"varchar(255)\",\"createBy\":\"admin\",\"isPk\":\"0\",\"createTime\":1641277685000,\"tableId\":1,\"pk\":false,\"columnName\":\"serial_number\"},{\"capJavaField\":\"IssuerDn\",\"usableColumn\":false,\"columnId\":3,\"isIncrement\":\"0\",\"increment\":false,\"insert\":true,\"isList\":\"1\",\"dictType\":\"sys_issuers\",\"required\":true,\"superColumn\":false,\"updateBy\":\"\",\"isInsert\":\"1\",\"isRequired\":\"1\",\"javaField\":\"issuerDn\",\"htmlType\":\"select\",\"edit\":false,\"query\":true,\"columnComment\":\"é¢å‘è€…\",\"isQuery\":\"1\",\"updateTime\":1641278740000,\"sort\":3,\"list\":true,\"params\":{},\"javaType\":\"String\",\"queryType\":\"EQ\",\"columnType\":\"varchar(255)\",\"createBy\":\"admin\",\"isPk\":\"0\",\"createTime\":1641277685000,\"tableId\":1,\"pk\":false,\"columnName\":\"issuer_DN\"},{\"capJavaField\":\"StartDate\",\"usableColumn\":false,\"columnId\":4,\"isIncrement\":\"0\",\"increment\":false,\"insert\":true,\"isList\":\"1\",\"dictType\":\"\",\"required\":true,\"superColumn\":false,\"updateBy\":\"\",\"isInsert\":\"1\",\"isRequired\":\"1\",\"javaField\":\"startDate\",\"htmlType\":\"datetime\",\"edit\"','{\"msg\":\"æ“ä½œæˆåŠŸ\",\"code\":200}',0,NULL,'2022-01-04 15:51:56'),(110,'ä»£ç ç”Ÿæˆ',8,'com.ruoyi.generator.controller.GenController.batchGenCode()','GET',1,'admin',NULL,'/tool/gen/batchGenCode','127.0.0.1','å†…ç½‘IP','{}',NULL,0,NULL,'2022-01-04 20:39:07'),(111,'ä»£ç ç”Ÿæˆ',8,'com.ruoyi.generator.controller.GenController.batchGenCode()','GET',1,'admin',NULL,'/tool/gen/batchGenCode','127.0.0.1','å†…ç½‘IP','{}',NULL,0,NULL,'2022-01-04 20:39:34'),(112,'èœå•ç®¡ç†',3,'com.ruoyi.web.controller.system.SysMenuController.remove()','DELETE',1,'admin',NULL,'/system/menu/2000','127.0.0.1','å†…ç½‘IP','{menuId=2000}','{\"msg\":\"å­˜åœ¨å­èœå•,ä¸å…è®¸åˆ é™¤\",\"code\":500}',0,NULL,'2022-01-04 23:12:22'),(113,'èœå•ç®¡ç†',3,'com.ruoyi.web.controller.system.SysMenuController.remove()','DELETE',1,'admin',NULL,'/system/menu/2001','127.0.0.1','å†…ç½‘IP','{menuId=2001}','{\"msg\":\"æ“ä½œæˆåŠŸ\",\"code\":200}',0,NULL,'2022-01-04 23:12:37'),(114,'èœå•ç®¡ç†',3,'com.ruoyi.web.controller.system.SysMenuController.remove()','DELETE',1,'admin',NULL,'/system/menu/2002','127.0.0.1','å†…ç½‘IP','{menuId=2002}','{\"msg\":\"æ“ä½œæˆåŠŸ\",\"code\":200}',0,NULL,'2022-01-04 23:12:40'),(115,'èœå•ç®¡ç†',3,'com.ruoyi.web.controller.system.SysMenuController.remove()','DELETE',1,'admin',NULL,'/system/menu/2003','127.0.0.1','å†…ç½‘IP','{menuId=2003}','{\"msg\":\"æ“ä½œæˆåŠŸ\",\"code\":200}',0,NULL,'2022-01-04 23:12:44'),(116,'èœå•ç®¡ç†',3,'com.ruoyi.web.controller.system.SysMenuController.remove()','DELETE',1,'admin',NULL,'/system/menu/2004','127.0.0.1','å†…ç½‘IP','{menuId=2004}','{\"msg\":\"æ“ä½œæˆåŠŸ\",\"code\":200}',0,NULL,'2022-01-04 23:12:47'),(117,'èœå•ç®¡ç†',3,'com.ruoyi.web.controller.system.SysMenuController.remove()','DELETE',1,'admin',NULL,'/system/menu/2005','127.0.0.1','å†…ç½‘IP','{menuId=2005}','{\"msg\":\"æ“ä½œæˆåŠŸ\",\"code\":200}',0,NULL,'2022-01-04 23:12:51'),(118,'èœå•ç®¡ç†',3,'com.ruoyi.web.controller.system.SysMenuController.remove()','DELETE',1,'admin',NULL,'/system/menu/2000','127.0.0.1','å†…ç½‘IP','{menuId=2000}','{\"msg\":\"æ“ä½œæˆåŠŸ\",\"code\":200}',0,NULL,'2022-01-04 23:12:55'),(119,'ä»£ç ç”Ÿæˆ',3,'com.ruoyi.generator.controller.GenController.remove()','DELETE',1,'admin',NULL,'/tool/gen/1','127.0.0.1','å†…ç½‘IP','{tableIds=1}','{\"msg\":\"æ“ä½œæˆåŠŸ\",\"code\":200}',0,NULL,'2022-01-04 23:13:16'),(120,'ä»£ç ç”Ÿæˆ',6,'com.ruoyi.generator.controller.GenController.importTableSave()','POST',1,'admin',NULL,'/tool/gen/importTable','127.0.0.1','å†…ç½‘IP','cer','{\"msg\":\"æ“ä½œæˆåŠŸ\",\"code\":200}',0,NULL,'2022-01-05 09:13:50'),(121,'ä»£ç ç”Ÿæˆ',2,'com.ruoyi.generator.controller.GenController.editSave()','PUT',1,'admin',NULL,'/tool/gen','127.0.0.1','å†…ç½‘IP','{\"sub\":false,\"functionAuthor\":\"ruoyi\",\"columns\":[{\"capJavaField\":\"Version\",\"usableColumn\":false,\"columnId\":10,\"isIncrement\":\"0\",\"increment\":false,\"insert\":true,\"isList\":\"1\",\"dictType\":\"\",\"required\":false,\"superColumn\":false,\"updateBy\":\"\",\"isInsert\":\"1\",\"javaField\":\"version\",\"htmlType\":\"input\",\"edit\":false,\"query\":true,\"columnComment\":\"ç‰ˆæœ¬å·\",\"isQuery\":\"1\",\"sort\":1,\"list\":true,\"params\":{},\"javaType\":\"Long\",\"queryType\":\"EQ\",\"columnType\":\"int(11)\",\"createBy\":\"admin\",\"isPk\":\"0\",\"createTime\":1641345230000,\"tableId\":2,\"pk\":false,\"columnName\":\"version\"},{\"capJavaField\":\"SerialNumber\",\"usableColumn\":false,\"columnId\":11,\"isIncrement\":\"0\",\"increment\":false,\"insert\":true,\"isList\":\"1\",\"dictType\":\"\",\"required\":true,\"superColumn\":false,\"updateBy\":\"\",\"isInsert\":\"1\",\"isRequired\":\"1\",\"javaField\":\"serialNumber\",\"htmlType\":\"input\",\"edit\":false,\"query\":true,\"columnComment\":\"åºåˆ—å·\",\"isQuery\":\"1\",\"sort\":2,\"list\":true,\"params\":{},\"javaType\":\"String\",\"queryType\":\"EQ\",\"columnType\":\"varchar(255)\",\"createBy\":\"admin\",\"isPk\":\"0\",\"createTime\":1641345230000,\"tableId\":2,\"pk\":false,\"columnName\":\"serial_number\"},{\"capJavaField\":\"IssuerDn\",\"usableColumn\":false,\"columnId\":12,\"isIncrement\":\"0\",\"increment\":false,\"insert\":true,\"isList\":\"1\",\"dictType\":\"sys_issuers\",\"required\":true,\"superColumn\":false,\"updateBy\":\"\",\"isInsert\":\"1\",\"isRequired\":\"1\",\"javaField\":\"issuerDn\",\"htmlType\":\"select\",\"edit\":false,\"query\":true,\"columnComment\":\"é¢å‘è€…\",\"isQuery\":\"1\",\"sort\":3,\"list\":true,\"params\":{},\"javaType\":\"String\",\"queryType\":\"EQ\",\"columnType\":\"varchar(255)\",\"createBy\":\"admin\",\"isPk\":\"0\",\"createTime\":1641345230000,\"tableId\":2,\"pk\":false,\"columnName\":\"issuer_DN\"},{\"capJavaField\":\"StartDate\",\"usableColumn\":false,\"columnId\":13,\"isIncrement\":\"0\",\"increment\":false,\"insert\":true,\"isList\":\"1\",\"dictType\":\"\",\"required\":true,\"superColumn\":false,\"updateBy\":\"\",\"isInsert\":\"1\",\"isRequired\":\"1\",\"javaField\":\"startDate\",\"htmlType\":\"datetime\",\"edit\":false,\"query\":true,\"columnComment\":\"ç”Ÿæ•ˆæ—¶é—´\",\"isQuery\":\"1\",\"sort\":4,\"list\":true,\"params\":{},\"ja','{\"msg\":\"æ“ä½œæˆåŠŸ\",\"code\":200}',0,NULL,'2022-01-05 09:19:26'),(122,'ä»£ç ç”Ÿæˆ',2,'com.ruoyi.generator.controller.GenController.editSave()','PUT',1,'admin',NULL,'/tool/gen','127.0.0.1','å†…ç½‘IP','{\"sub\":false,\"functionAuthor\":\"ruoyi\",\"columns\":[{\"capJavaField\":\"Version\",\"usableColumn\":false,\"columnId\":10,\"isIncrement\":\"0\",\"increment\":false,\"insert\":true,\"isList\":\"1\",\"dictType\":\"\",\"required\":false,\"superColumn\":false,\"updateBy\":\"\",\"isInsert\":\"1\",\"javaField\":\"version\",\"htmlType\":\"input\",\"edit\":false,\"query\":true,\"columnComment\":\"ç‰ˆæœ¬å·\",\"isQuery\":\"1\",\"updateTime\":1641345566000,\"sort\":1,\"list\":true,\"params\":{},\"javaType\":\"Long\",\"queryType\":\"EQ\",\"columnType\":\"int(11)\",\"createBy\":\"admin\",\"isPk\":\"0\",\"createTime\":1641345230000,\"tableId\":2,\"pk\":false,\"columnName\":\"version\"},{\"capJavaField\":\"SerialNumber\",\"usableColumn\":false,\"columnId\":11,\"isIncrement\":\"0\",\"increment\":false,\"insert\":true,\"isList\":\"1\",\"dictType\":\"\",\"required\":true,\"superColumn\":false,\"updateBy\":\"\",\"isInsert\":\"1\",\"isRequired\":\"1\",\"javaField\":\"serialNumber\",\"htmlType\":\"input\",\"edit\":false,\"query\":true,\"columnComment\":\"åºåˆ—å·\",\"isQuery\":\"1\",\"updateTime\":1641345566000,\"sort\":2,\"list\":true,\"params\":{},\"javaType\":\"String\",\"queryType\":\"EQ\",\"columnType\":\"varchar(255)\",\"createBy\":\"admin\",\"isPk\":\"0\",\"createTime\":1641345230000,\"tableId\":2,\"pk\":false,\"columnName\":\"serial_number\"},{\"capJavaField\":\"IssuerDn\",\"usableColumn\":false,\"columnId\":12,\"isIncrement\":\"0\",\"increment\":false,\"insert\":true,\"isList\":\"1\",\"dictType\":\"sys_issuers\",\"required\":true,\"superColumn\":false,\"updateBy\":\"\",\"isInsert\":\"1\",\"isRequired\":\"1\",\"javaField\":\"issuerDn\",\"htmlType\":\"select\",\"edit\":false,\"query\":true,\"columnComment\":\"é¢å‘è€…\",\"isQuery\":\"1\",\"updateTime\":1641345566000,\"sort\":3,\"list\":true,\"params\":{},\"javaType\":\"String\",\"queryType\":\"EQ\",\"columnType\":\"varchar(255)\",\"createBy\":\"admin\",\"isPk\":\"0\",\"createTime\":1641345230000,\"tableId\":2,\"pk\":false,\"columnName\":\"issuer_DN\"},{\"capJavaField\":\"StartDate\",\"usableColumn\":false,\"columnId\":13,\"isIncrement\":\"0\",\"increment\":false,\"insert\":true,\"isList\":\"1\",\"dictType\":\"\",\"required\":true,\"superColumn\":false,\"updateBy\":\"\",\"isInsert\":\"1\",\"isRequired\":\"1\",\"javaField\":\"startDate\",\"htmlType\":\"datetime\",\"edit\":false,\"quer','{\"msg\":\"æ“ä½œæˆåŠŸ\",\"code\":200}',0,NULL,'2022-01-05 09:24:29'),(123,'ä»£ç ç”Ÿæˆ',8,'com.ruoyi.generator.controller.GenController.batchGenCode()','GET',1,'admin',NULL,'/tool/gen/batchGenCode','127.0.0.1','å†…ç½‘IP','{}',NULL,0,NULL,'2022-01-05 09:24:32'),(124,'ä»£ç ç”Ÿæˆ',8,'com.ruoyi.generator.controller.GenController.batchGenCode()','GET',1,'admin',NULL,'/tool/gen/batchGenCode','127.0.0.1','å†…ç½‘IP','{}',NULL,0,NULL,'2022-01-05 09:24:56'),(125,'ä»£ç ç”Ÿæˆ',8,'com.ruoyi.generator.controller.GenController.batchGenCode()','GET',1,'admin',NULL,'/tool/gen/batchGenCode','127.0.0.1','å†…ç½‘IP','{}',NULL,0,NULL,'2022-01-05 09:25:28'),(126,'ä»£ç ç”Ÿæˆ',2,'com.ruoyi.generator.controller.GenController.editSave()','PUT',1,'admin',NULL,'/tool/gen','127.0.0.1','å†…ç½‘IP','{\"sub\":false,\"functionAuthor\":\"ruoyi\",\"columns\":[{\"capJavaField\":\"Version\",\"usableColumn\":false,\"columnId\":10,\"isIncrement\":\"0\",\"increment\":false,\"insert\":true,\"isList\":\"1\",\"dictType\":\"\",\"required\":false,\"superColumn\":false,\"updateBy\":\"\",\"isInsert\":\"1\",\"javaField\":\"version\",\"htmlType\":\"input\",\"edit\":false,\"query\":true,\"columnComment\":\"ç‰ˆæœ¬å·\",\"isQuery\":\"1\",\"updateTime\":1641345868000,\"sort\":1,\"list\":true,\"params\":{},\"javaType\":\"Long\",\"queryType\":\"EQ\",\"columnType\":\"int(11)\",\"createBy\":\"admin\",\"isPk\":\"0\",\"createTime\":1641345230000,\"tableId\":2,\"pk\":false,\"columnName\":\"version\"},{\"capJavaField\":\"SerialNumber\",\"usableColumn\":false,\"columnId\":11,\"isIncrement\":\"0\",\"increment\":false,\"insert\":true,\"isList\":\"1\",\"dictType\":\"\",\"required\":true,\"superColumn\":false,\"updateBy\":\"\",\"isInsert\":\"1\",\"isRequired\":\"1\",\"javaField\":\"serialNumber\",\"htmlType\":\"input\",\"edit\":false,\"query\":true,\"columnComment\":\"åºåˆ—å·\",\"isQuery\":\"1\",\"updateTime\":1641345868000,\"sort\":2,\"list\":true,\"params\":{},\"javaType\":\"String\",\"queryType\":\"EQ\",\"columnType\":\"varchar(255)\",\"createBy\":\"admin\",\"isPk\":\"0\",\"createTime\":1641345230000,\"tableId\":2,\"pk\":false,\"columnName\":\"serial_number\"},{\"capJavaField\":\"IssuerDn\",\"usableColumn\":false,\"columnId\":12,\"isIncrement\":\"0\",\"increment\":false,\"insert\":true,\"isList\":\"1\",\"dictType\":\"sys_issuers\",\"required\":true,\"superColumn\":false,\"updateBy\":\"\",\"isInsert\":\"1\",\"isRequired\":\"1\",\"javaField\":\"issuerDn\",\"htmlType\":\"select\",\"edit\":false,\"query\":true,\"columnComment\":\"é¢å‘è€…\",\"isQuery\":\"1\",\"updateTime\":1641345869000,\"sort\":3,\"list\":true,\"params\":{},\"javaType\":\"String\",\"queryType\":\"EQ\",\"columnType\":\"varchar(255)\",\"createBy\":\"admin\",\"isPk\":\"0\",\"createTime\":1641345230000,\"tableId\":2,\"pk\":false,\"columnName\":\"issuer_DN\"},{\"capJavaField\":\"StartDate\",\"usableColumn\":false,\"columnId\":13,\"isIncrement\":\"0\",\"increment\":false,\"insert\":true,\"isList\":\"1\",\"dictType\":\"\",\"required\":true,\"superColumn\":false,\"updateBy\":\"\",\"isInsert\":\"1\",\"isRequired\":\"1\",\"javaField\":\"startDate\",\"htmlType\":\"datetime\",\"edit\":false,\"quer','{\"msg\":\"æ“ä½œæˆåŠŸ\",\"code\":200}',0,NULL,'2022-01-05 09:26:22'),(127,'ä»£ç ç”Ÿæˆ',8,'com.ruoyi.generator.controller.GenController.batchGenCode()','GET',1,'admin',NULL,'/tool/gen/batchGenCode','127.0.0.1','å†…ç½‘IP','{}',NULL,0,NULL,'2022-01-05 09:26:25'),(128,'ä»£ç ç”Ÿæˆ',8,'com.ruoyi.generator.controller.GenController.batchGenCode()','GET',1,'admin',NULL,'/tool/gen/batchGenCode','127.0.0.1','å†…ç½‘IP','{}',NULL,0,NULL,'2022-01-05 09:26:47'),(129,'ä»£ç ç”Ÿæˆ',2,'com.ruoyi.generator.controller.GenController.editSave()','PUT',1,'admin',NULL,'/tool/gen','127.0.0.1','å†…ç½‘IP','{\"sub\":false,\"functionAuthor\":\"ruoyi\",\"columns\":[{\"capJavaField\":\"Version\",\"usableColumn\":false,\"columnId\":10,\"isIncrement\":\"0\",\"increment\":false,\"insert\":true,\"isList\":\"1\",\"dictType\":\"\",\"required\":false,\"superColumn\":false,\"updateBy\":\"\",\"isInsert\":\"1\",\"javaField\":\"version\",\"htmlType\":\"input\",\"edit\":false,\"query\":false,\"columnComment\":\"ç‰ˆæœ¬å·\",\"updateTime\":1641345982000,\"sort\":1,\"list\":true,\"params\":{},\"javaType\":\"Long\",\"queryType\":\"EQ\",\"columnType\":\"int(11)\",\"createBy\":\"admin\",\"isPk\":\"0\",\"createTime\":1641345230000,\"tableId\":2,\"pk\":false,\"columnName\":\"version\"},{\"capJavaField\":\"SerialNumber\",\"usableColumn\":false,\"columnId\":11,\"isIncrement\":\"0\",\"increment\":false,\"insert\":true,\"isList\":\"1\",\"dictType\":\"\",\"required\":true,\"superColumn\":false,\"updateBy\":\"\",\"isInsert\":\"1\",\"isRequired\":\"1\",\"javaField\":\"serialNumber\",\"htmlType\":\"input\",\"edit\":false,\"query\":true,\"columnComment\":\"åºåˆ—å·\",\"isQuery\":\"1\",\"updateTime\":1641345982000,\"sort\":2,\"list\":true,\"params\":{},\"javaType\":\"String\",\"queryType\":\"EQ\",\"columnType\":\"varchar(255)\",\"createBy\":\"admin\",\"isPk\":\"0\",\"createTime\":1641345230000,\"tableId\":2,\"pk\":false,\"columnName\":\"serial_number\"},{\"capJavaField\":\"IssuerDn\",\"usableColumn\":false,\"columnId\":12,\"isIncrement\":\"0\",\"increment\":false,\"insert\":true,\"isList\":\"1\",\"dictType\":\"sys_issuers\",\"required\":true,\"superColumn\":false,\"updateBy\":\"\",\"isInsert\":\"1\",\"isRequired\":\"1\",\"javaField\":\"issuerDn\",\"htmlType\":\"select\",\"edit\":false,\"query\":true,\"columnComment\":\"é¢å‘è€…\",\"isQuery\":\"1\",\"updateTime\":1641345982000,\"sort\":3,\"list\":true,\"params\":{},\"javaType\":\"String\",\"queryType\":\"EQ\",\"columnType\":\"varchar(255)\",\"createBy\":\"admin\",\"isPk\":\"0\",\"createTime\":1641345230000,\"tableId\":2,\"pk\":false,\"columnName\":\"issuer_DN\"},{\"capJavaField\":\"StartDate\",\"usableColumn\":false,\"columnId\":13,\"isIncrement\":\"0\",\"increment\":false,\"insert\":true,\"isList\":\"1\",\"dictType\":\"\",\"required\":true,\"superColumn\":false,\"updateBy\":\"\",\"isInsert\":\"1\",\"isRequired\":\"1\",\"javaField\":\"startDate\",\"htmlType\":\"datetime\",\"edit\":false,\"query\":true,\"colu','{\"msg\":\"æ“ä½œæˆåŠŸ\",\"code\":200}',0,NULL,'2022-01-05 09:44:36'),(130,'ä»£ç ç”Ÿæˆ',8,'com.ruoyi.generator.controller.GenController.batchGenCode()','GET',1,'admin',NULL,'/tool/gen/batchGenCode','127.0.0.1','å†…ç½‘IP','{}',NULL,0,NULL,'2022-01-05 09:44:38'),(131,'èœå•ç®¡ç†',3,'com.ruoyi.web.controller.system.SysMenuController.remove()','DELETE',1,'admin',NULL,'/system/menu/4','127.0.0.1','å†…ç½‘IP','{menuId=4}','{\"msg\":\"èœå•å·²åˆ†é…,ä¸å…è®¸åˆ é™¤\",\"code\":500}',0,NULL,'2022-01-14 11:55:08'),(132,'èœå•ç®¡ç†',2,'com.ruoyi.web.controller.system.SysMenuController.edit()','PUT',1,'admin',NULL,'/system/menu','127.0.0.1','å†…ç½‘IP','{\"visible\":\"1\",\"query\":\"\",\"icon\":\"guide\",\"orderNum\":\"4\",\"menuName\":\"è‹¥ä¾å®˜ç½‘\",\"params\":{},\"parentId\":0,\"isCache\":\"0\",\"path\":\"http://ruoyi.vip\",\"children\":[],\"createTime\":1641273439000,\"updateBy\":\"admin\",\"isFrame\":\"0\",\"menuId\":4,\"menuType\":\"M\",\"perms\":\"\",\"status\":\"0\"}','{\"msg\":\"æ“ä½œæˆåŠŸ\",\"code\":200}',0,NULL,'2022-01-14 11:55:18'),(133,'èœå•ç®¡ç†',2,'com.ruoyi.web.controller.system.SysMenuController.edit()','PUT',1,'admin',NULL,'/system/menu','127.0.0.1','å†…ç½‘IP','{\"visible\":\"1\",\"query\":\"\",\"icon\":\"tool\",\"orderNum\":\"3\",\"menuName\":\"ç³»ç»Ÿå·¥å…·\",\"params\":{},\"parentId\":0,\"isCache\":\"0\",\"path\":\"tool\",\"children\":[],\"createTime\":1641273439000,\"updateBy\":\"admin\",\"isFrame\":\"1\",\"menuId\":3,\"menuType\":\"M\",\"perms\":\"\",\"status\":\"0\"}','{\"msg\":\"æ“ä½œæˆåŠŸ\",\"code\":200}',0,NULL,'2022-01-14 11:55:24');
/*!40000 ALTER TABLE `sys_oper_log` ENABLE KEYS */;
UNLOCK TABLES;

--
-- Table structure for table `sys_post`
--

DROP TABLE IF EXISTS `sys_post`;
/*!40101 SET @saved_cs_client     = @@character_set_client */;
/*!50503 SET character_set_client = utf8mb4 */;
CREATE TABLE `sys_post` (
  `post_id` bigint NOT NULL AUTO_INCREMENT COMMENT 'å²—ä½ID',
  `post_code` varchar(64) CHARACTER SET utf8 COLLATE utf8_general_ci NOT NULL COMMENT 'å²—ä½ç¼–ç ',
  `post_name` varchar(50) CHARACTER SET utf8 COLLATE utf8_general_ci NOT NULL COMMENT 'å²—ä½åç§°',
  `post_sort` int NOT NULL COMMENT 'æ˜¾ç¤ºé¡ºåº',
  `status` char(1) CHARACTER SET utf8 COLLATE utf8_general_ci NOT NULL COMMENT 'çŠ¶æ€ï¼ˆ0æ­£å¸¸ 1åœç”¨ï¼‰',
  `create_by` varchar(64) CHARACTER SET utf8 COLLATE utf8_general_ci DEFAULT '' COMMENT 'åˆ›å»ºè€…',
  `create_time` datetime DEFAULT NULL COMMENT 'åˆ›å»ºæ—¶é—´',
  `update_by` varchar(64) CHARACTER SET utf8 COLLATE utf8_general_ci DEFAULT '' COMMENT 'æ›´æ–°è€…',
  `update_time` datetime DEFAULT NULL COMMENT 'æ›´æ–°æ—¶é—´',
  `remark` varchar(500) CHARACTER SET utf8 COLLATE utf8_general_ci DEFAULT NULL COMMENT 'å¤‡æ³¨',
  PRIMARY KEY (`post_id`) USING BTREE
) ENGINE=InnoDB AUTO_INCREMENT=5 DEFAULT CHARSET=utf8mb3 ROW_FORMAT=DYNAMIC COMMENT='å²—ä½ä¿¡æ¯è¡¨';
/*!40101 SET character_set_client = @saved_cs_client */;

--
-- Dumping data for table `sys_post`
--

LOCK TABLES `sys_post` WRITE;
/*!40000 ALTER TABLE `sys_post` DISABLE KEYS */;
INSERT INTO `sys_post` VALUES (1,'ceo','è‘£äº‹é•¿',1,'0','admin','2022-01-04 13:17:19','',NULL,''),(2,'se','é¡¹ç›®ç»ç†',2,'0','admin','2022-01-04 13:17:19','',NULL,''),(3,'hr','äººåŠ›èµ„æº',3,'0','admin','2022-01-04 13:17:19','',NULL,''),(4,'user','æ™®é€šå‘˜å·¥',4,'0','admin','2022-01-04 13:17:19','',NULL,'');
/*!40000 ALTER TABLE `sys_post` ENABLE KEYS */;
UNLOCK TABLES;

--
-- Table structure for table `sys_role`
--

DROP TABLE IF EXISTS `sys_role`;
/*!40101 SET @saved_cs_client     = @@character_set_client */;
/*!50503 SET character_set_client = utf8mb4 */;
CREATE TABLE `sys_role` (
  `role_id` bigint NOT NULL AUTO_INCREMENT COMMENT 'è§’è‰²ID',
  `role_name` varchar(30) CHARACTER SET utf8 COLLATE utf8_general_ci NOT NULL COMMENT 'è§’è‰²åç§°',
  `role_key` varchar(100) CHARACTER SET utf8 COLLATE utf8_general_ci NOT NULL COMMENT 'è§’è‰²æƒé™å­—ç¬¦ä¸²',
  `role_sort` int NOT NULL COMMENT 'æ˜¾ç¤ºé¡ºåº',
  `data_scope` char(1) CHARACTER SET utf8 COLLATE utf8_general_ci DEFAULT '1' COMMENT 'æ•°æ®èŒƒå›´ï¼ˆ1ï¼šå…¨éƒ¨æ•°æ®æƒé™ 2ï¼šè‡ªå®šæ•°æ®æƒé™ 3ï¼šæœ¬éƒ¨é—¨æ•°æ®æƒé™ 4ï¼šæœ¬éƒ¨é—¨åŠä»¥ä¸‹æ•°æ®æƒé™ï¼‰',
  `menu_check_strictly` tinyint(1) DEFAULT '1' COMMENT 'èœå•æ ‘é€‰æ‹©é¡¹æ˜¯å¦å…³è”æ˜¾ç¤º',
  `dept_check_strictly` tinyint(1) DEFAULT '1' COMMENT 'éƒ¨é—¨æ ‘é€‰æ‹©é¡¹æ˜¯å¦å…³è”æ˜¾ç¤º',
  `status` char(1) CHARACTER SET utf8 COLLATE utf8_general_ci NOT NULL COMMENT 'è§’è‰²çŠ¶æ€ï¼ˆ0æ­£å¸¸ 1åœç”¨ï¼‰',
  `del_flag` char(1) CHARACTER SET utf8 COLLATE utf8_general_ci DEFAULT '0' COMMENT 'åˆ é™¤æ ‡å¿—ï¼ˆ0ä»£è¡¨å­˜åœ¨ 2ä»£è¡¨åˆ é™¤ï¼‰',
  `create_by` varchar(64) CHARACTER SET utf8 COLLATE utf8_general_ci DEFAULT '' COMMENT 'åˆ›å»ºè€…',
  `create_time` datetime DEFAULT NULL COMMENT 'åˆ›å»ºæ—¶é—´',
  `update_by` varchar(64) CHARACTER SET utf8 COLLATE utf8_general_ci DEFAULT '' COMMENT 'æ›´æ–°è€…',
  `update_time` datetime DEFAULT NULL COMMENT 'æ›´æ–°æ—¶é—´',
  `remark` varchar(500) CHARACTER SET utf8 COLLATE utf8_general_ci DEFAULT NULL COMMENT 'å¤‡æ³¨',
  PRIMARY KEY (`role_id`) USING BTREE
) ENGINE=InnoDB AUTO_INCREMENT=3 DEFAULT CHARSET=utf8mb3 ROW_FORMAT=DYNAMIC COMMENT='è§’è‰²ä¿¡æ¯è¡¨';
/*!40101 SET character_set_client = @saved_cs_client */;

--
-- Dumping data for table `sys_role`
--

LOCK TABLES `sys_role` WRITE;
/*!40000 ALTER TABLE `sys_role` DISABLE KEYS */;
INSERT INTO `sys_role` VALUES (1,'è¶…çº§ç®¡ç†å‘˜','admin',1,'1',1,1,'0','0','admin','2022-01-04 13:17:19','',NULL,'è¶…çº§ç®¡ç†å‘˜'),(2,'æ™®é€šè§’è‰²','common',2,'2',1,1,'0','0','admin','2022-01-04 13:17:19','',NULL,'æ™®é€šè§’è‰²');
/*!40000 ALTER TABLE `sys_role` ENABLE KEYS */;
UNLOCK TABLES;

--
-- Table structure for table `sys_role_dept`
--

DROP TABLE IF EXISTS `sys_role_dept`;
/*!40101 SET @saved_cs_client     = @@character_set_client */;
/*!50503 SET character_set_client = utf8mb4 */;
CREATE TABLE `sys_role_dept` (
  `role_id` bigint NOT NULL COMMENT 'è§’è‰²ID',
  `dept_id` bigint NOT NULL COMMENT 'éƒ¨é—¨ID',
  PRIMARY KEY (`role_id`,`dept_id`) USING BTREE
) ENGINE=InnoDB DEFAULT CHARSET=utf8mb3 ROW_FORMAT=DYNAMIC COMMENT='è§’è‰²å’Œéƒ¨é—¨å…³è”è¡¨';
/*!40101 SET character_set_client = @saved_cs_client */;

--
-- Dumping data for table `sys_role_dept`
--

LOCK TABLES `sys_role_dept` WRITE;
/*!40000 ALTER TABLE `sys_role_dept` DISABLE KEYS */;
INSERT INTO `sys_role_dept` VALUES (2,100),(2,101),(2,105);
/*!40000 ALTER TABLE `sys_role_dept` ENABLE KEYS */;
UNLOCK TABLES;

--
-- Table structure for table `sys_role_menu`
--

DROP TABLE IF EXISTS `sys_role_menu`;
/*!40101 SET @saved_cs_client     = @@character_set_client */;
/*!50503 SET character_set_client = utf8mb4 */;
CREATE TABLE `sys_role_menu` (
  `role_id` bigint NOT NULL COMMENT 'è§’è‰²ID',
  `menu_id` bigint NOT NULL COMMENT 'èœå•ID',
  PRIMARY KEY (`role_id`,`menu_id`) USING BTREE
) ENGINE=InnoDB DEFAULT CHARSET=utf8mb3 ROW_FORMAT=DYNAMIC COMMENT='è§’è‰²å’Œèœå•å…³è”è¡¨';
/*!40101 SET character_set_client = @saved_cs_client */;

--
-- Dumping data for table `sys_role_menu`
--

LOCK TABLES `sys_role_menu` WRITE;
/*!40000 ALTER TABLE `sys_role_menu` DISABLE KEYS */;
INSERT INTO `sys_role_menu` VALUES (2,1),(2,2),(2,3),(2,4),(2,100),(2,101),(2,102),(2,103),(2,104),(2,105),(2,106),(2,107),(2,108),(2,109),(2,110),(2,111),(2,112),(2,113),(2,114),(2,115),(2,116),(2,500),(2,501),(2,1000),(2,1001),(2,1002),(2,1003),(2,1004),(2,1005),(2,1006),(2,1007),(2,1008),(2,1009),(2,1010),(2,1011),(2,1012),(2,1013),(2,1014),(2,1015),(2,1016),(2,1017),(2,1018),(2,1019),(2,1020),(2,1021),(2,1022),(2,1023),(2,1024),(2,1025),(2,1026),(2,1027),(2,1028),(2,1029),(2,1030),(2,1031),(2,1032),(2,1033),(2,1034),(2,1035),(2,1036),(2,1037),(2,1038),(2,1039),(2,1040),(2,1041),(2,1042),(2,1043),(2,1044),(2,1045),(2,1046),(2,1047),(2,1048),(2,1049),(2,1050),(2,1051),(2,1052),(2,1053),(2,1054),(2,1055),(2,1056),(2,1057),(2,1058),(2,1059),(2,1060);
/*!40000 ALTER TABLE `sys_role_menu` ENABLE KEYS */;
UNLOCK TABLES;

--
-- Table structure for table `sys_user`
--

DROP TABLE IF EXISTS `sys_user`;
/*!40101 SET @saved_cs_client     = @@character_set_client */;
/*!50503 SET character_set_client = utf8mb4 */;
CREATE TABLE `sys_user` (
  `user_id` bigint NOT NULL AUTO_INCREMENT COMMENT 'ç”¨æˆ·ID',
  `dept_id` bigint DEFAULT NULL COMMENT 'éƒ¨é—¨ID',
  `user_name` varchar(30) CHARACTER SET utf8 COLLATE utf8_general_ci NOT NULL COMMENT 'ç”¨æˆ·è´¦å·',
  `nick_name` varchar(30) CHARACTER SET utf8 COLLATE utf8_general_ci NOT NULL COMMENT 'ç”¨æˆ·æ˜µç§°',
  `user_type` varchar(2) CHARACTER SET utf8 COLLATE utf8_general_ci DEFAULT '00' COMMENT 'ç”¨æˆ·ç±»å‹ï¼ˆ00ç³»ç»Ÿç”¨æˆ·ï¼‰',
  `email` varchar(50) CHARACTER SET utf8 COLLATE utf8_general_ci DEFAULT '' COMMENT 'ç”¨æˆ·é‚®ç®±',
  `phonenumber` varchar(11) CHARACTER SET utf8 COLLATE utf8_general_ci DEFAULT '' COMMENT 'æ‰‹æœºå·ç ',
  `sex` char(1) CHARACTER SET utf8 COLLATE utf8_general_ci DEFAULT '0' COMMENT 'ç”¨æˆ·æ€§åˆ«ï¼ˆ0ç”· 1å¥³ 2æœªçŸ¥ï¼‰',
  `avatar` varchar(100) CHARACTER SET utf8 COLLATE utf8_general_ci DEFAULT '' COMMENT 'å¤´åƒåœ°å€',
  `password` varchar(100) CHARACTER SET utf8 COLLATE utf8_general_ci DEFAULT '' COMMENT 'å¯†ç ',
  `status` char(1) CHARACTER SET utf8 COLLATE utf8_general_ci DEFAULT '0' COMMENT 'å¸å·çŠ¶æ€ï¼ˆ0æ­£å¸¸ 1åœç”¨ï¼‰',
  `del_flag` char(1) CHARACTER SET utf8 COLLATE utf8_general_ci DEFAULT '0' COMMENT 'åˆ é™¤æ ‡å¿—ï¼ˆ0ä»£è¡¨å­˜åœ¨ 2ä»£è¡¨åˆ é™¤ï¼‰',
  `login_ip` varchar(128) CHARACTER SET utf8 COLLATE utf8_general_ci DEFAULT '' COMMENT 'æœ€åç™»å½•IP',
  `login_date` datetime DEFAULT NULL COMMENT 'æœ€åç™»å½•æ—¶é—´',
  `create_by` varchar(64) CHARACTER SET utf8 COLLATE utf8_general_ci DEFAULT '' COMMENT 'åˆ›å»ºè€…',
  `create_time` datetime DEFAULT NULL COMMENT 'åˆ›å»ºæ—¶é—´',
  `update_by` varchar(64) CHARACTER SET utf8 COLLATE utf8_general_ci DEFAULT '' COMMENT 'æ›´æ–°è€…',
  `update_time` datetime DEFAULT NULL COMMENT 'æ›´æ–°æ—¶é—´',
  `remark` varchar(500) CHARACTER SET utf8 COLLATE utf8_general_ci DEFAULT NULL COMMENT 'å¤‡æ³¨',
  PRIMARY KEY (`user_id`) USING BTREE
) ENGINE=InnoDB AUTO_INCREMENT=3 DEFAULT CHARSET=utf8mb3 ROW_FORMAT=DYNAMIC COMMENT='ç”¨æˆ·ä¿¡æ¯è¡¨';
/*!40101 SET character_set_client = @saved_cs_client */;

--
-- Dumping data for table `sys_user`
--

LOCK TABLES `sys_user` WRITE;
/*!40000 ALTER TABLE `sys_user` DISABLE KEYS */;
INSERT INTO `sys_user` VALUES (1,103,'admin','è‹¥ä¾','00','ry@163.com','15888888888','1','','$2a$10$7JB720yubVSZvUI0rEqK/.VqGOZTH.ulu33dHOiBE8ByOhJIrdAu2','0','0','127.0.0.1','2022-01-14 11:53:26','admin','2022-01-04 13:17:19','','2022-01-14 11:53:25','ç®¡ç†å‘˜'),(2,105,'ry','è‹¥ä¾','00','ry@qq.com','15666666666','1','','$2a$10$7JB720yubVSZvUI0rEqK/.VqGOZTH.ulu33dHOiBE8ByOhJIrdAu2','0','0','127.0.0.1','2022-01-04 13:17:19','admin','2022-01-04 13:17:19','',NULL,'æµ‹è¯•å‘˜');
/*!40000 ALTER TABLE `sys_user` ENABLE KEYS */;
UNLOCK TABLES;

--
-- Table structure for table `sys_user_post`
--

DROP TABLE IF EXISTS `sys_user_post`;
/*!40101 SET @saved_cs_client     = @@character_set_client */;
/*!50503 SET character_set_client = utf8mb4 */;
CREATE TABLE `sys_user_post` (
  `user_id` bigint NOT NULL COMMENT 'ç”¨æˆ·ID',
  `post_id` bigint NOT NULL COMMENT 'å²—ä½ID',
  PRIMARY KEY (`user_id`,`post_id`) USING BTREE
) ENGINE=InnoDB DEFAULT CHARSET=utf8mb3 ROW_FORMAT=DYNAMIC COMMENT='ç”¨æˆ·ä¸å²—ä½å…³è”è¡¨';
/*!40101 SET character_set_client = @saved_cs_client */;

--
-- Dumping data for table `sys_user_post`
--

LOCK TABLES `sys_user_post` WRITE;
/*!40000 ALTER TABLE `sys_user_post` DISABLE KEYS */;
INSERT INTO `sys_user_post` VALUES (1,1),(2,2);
/*!40000 ALTER TABLE `sys_user_post` ENABLE KEYS */;
UNLOCK TABLES;

--
-- Table structure for table `sys_user_role`
--

DROP TABLE IF EXISTS `sys_user_role`;
/*!40101 SET @saved_cs_client     = @@character_set_client */;
/*!50503 SET character_set_client = utf8mb4 */;
CREATE TABLE `sys_user_role` (
  `user_id` bigint NOT NULL COMMENT 'ç”¨æˆ·ID',
  `role_id` bigint NOT NULL COMMENT 'è§’è‰²ID',
  PRIMARY KEY (`user_id`,`role_id`) USING BTREE
) ENGINE=InnoDB DEFAULT CHARSET=utf8mb3 ROW_FORMAT=DYNAMIC COMMENT='ç”¨æˆ·å’Œè§’è‰²å…³è”è¡¨';
/*!40101 SET character_set_client = @saved_cs_client */;

--
-- Dumping data for table `sys_user_role`
--

LOCK TABLES `sys_user_role` WRITE;
/*!40000 ALTER TABLE `sys_user_role` DISABLE KEYS */;
INSERT INTO `sys_user_role` VALUES (1,1),(2,2);
/*!40000 ALTER TABLE `sys_user_role` ENABLE KEYS */;
UNLOCK TABLES;
/*!40103 SET TIME_ZONE=@OLD_TIME_ZONE */;

/*!40101 SET SQL_MODE=@OLD_SQL_MODE */;
/*!40014 SET FOREIGN_KEY_CHECKS=@OLD_FOREIGN_KEY_CHECKS */;
/*!40014 SET UNIQUE_CHECKS=@OLD_UNIQUE_CHECKS */;
/*!40101 SET CHARACTER_SET_CLIENT=@OLD_CHARACTER_SET_CLIENT */;
/*!40101 SET CHARACTER_SET_RESULTS=@OLD_CHARACTER_SET_RESULTS */;
/*!40101 SET COLLATION_CONNECTION=@OLD_COLLATION_CONNECTION */;
/*!40111 SET SQL_NOTES=@OLD_SQL_NOTES */;

-- Dump completed on 2022-01-14 12:02:14
