-- MySQL dump 10.13  Distrib 8.0.27, for Win64 (x86_64)
--
-- Host: 127.0.0.1    Database: yuanzhe
-- ------------------------------------------------------
-- Server version	8.0.27

/*!40101 SET @OLD_CHARACTER_SET_CLIENT=@@CHARACTER_SET_CLIENT */;
/*!40101 SET @OLD_CHARACTER_SET_RESULTS=@@CHARACTER_SET_RESULTS */;
/*!40101 SET @OLD_COLLATION_CONNECTION=@@COLLATION_CONNECTION */;
/*!50503 SET NAMES utf8 */;
/*!40103 SET @OLD_TIME_ZONE=@@TIME_ZONE */;
/*!40103 SET TIME_ZONE='+00:00' */;
/*!40014 SET @OLD_UNIQUE_CHECKS=@@UNIQUE_CHECKS, UNIQUE_CHECKS=0 */;
/*!40014 SET @OLD_FOREIGN_KEY_CHECKS=@@FOREIGN_KEY_CHECKS, FOREIGN_KEY_CHECKS=0 */;
/*!40101 SET @OLD_SQL_MODE=@@SQL_MODE, SQL_MODE='NO_AUTO_VALUE_ON_ZERO' */;
/*!40111 SET @OLD_SQL_NOTES=@@SQL_NOTES, SQL_NOTES=0 */;

--
-- Table structure for table `cer`
--

DROP TABLE IF EXISTS `cer`;
/*!40101 SET @saved_cs_client     = @@character_set_client */;
/*!50503 SET character_set_client = utf8mb4 */;
CREATE TABLE `cer` (
  `version` int NOT NULL COMMENT '版本号',
  `serial_number` varchar(255) CHARACTER SET utf8 COLLATE utf8_general_ci NOT NULL COMMENT '序列号',
  `issuer_DN` varchar(255) CHARACTER SET utf8 COLLATE utf8_general_ci NOT NULL COMMENT '颁发者',
  `start_date` datetime NOT NULL COMMENT '生效时间',
  `final_date` datetime NOT NULL COMMENT '失效时间',
  `modify_date` datetime DEFAULT NULL COMMENT '变动时间',
  `subject_DN` varchar(255) CHARACTER SET utf8 COLLATE utf8_general_ci NOT NULL COMMENT '使用者',
  `public_key` varchar(255) CHARACTER SET utf8 COLLATE utf8_general_ci NOT NULL COMMENT '公钥，不显示',
  `signature_algorithm` varchar(255) CHARACTER SET utf8 COLLATE utf8_general_ci NOT NULL COMMENT '签名算法',
  `signature` text CHARACTER SET utf8 COLLATE utf8_general_ci NOT NULL COMMENT '证书签名',
  `status` int NOT NULL DEFAULT '1' COMMENT '1代表有效，0代表注销',
  `revoke_reason` text COMMENT '撤销理由',
  PRIMARY KEY (`serial_number`)
) ENGINE=InnoDB DEFAULT CHARSET=utf8mb3 COMMENT='证书表';
/*!40101 SET character_set_client = @saved_cs_client */;

--
-- Dumping data for table `cer`
--

LOCK TABLES `cer` WRITE;
/*!40000 ALTER TABLE `cer` DISABLE KEYS */;
INSERT INTO `cer` VALUES (1,'16536043013348820578','C=CN,ST=Shanghai,L=Shanghai,O=VCCCTV\\ ,OU=YZ,CN=YZ,E=65364223@163.com','2021-03-22 17:49:45','2022-03-17 17:49:45','2022-01-11 00:00:00','C=CN,ST=sh,L=sh,O=YZ,OU=YZ,CN=YZ,E=525451008@qq.com','MFkwEwYHKoZIzj0CAQYIKoEcz1UBgi0DQgAEAr/TsIzMFdpTPMvwjykt6H7EswG9/9Tzm081vXBmLNEWqq2MIsWzFc/1DlpF5c0/shoxEGNvgh41yLGfhDYX3w==','SM3WITHSM2','MEYCIQCDt+czWJls11SZkGdx4saAxGLfi1/P12kjOCdeitv4jwIhALO26qr4i1NZ5/MC3JxsN4WrVXjdjXfzy46vILBkUCNb',1,''),(1,'16536043013348820581','C=CN,ST=Shanghai,L=Shanghai,O=VCCCTV\\ ,OU=YZ,CN=YZ,E=65364223@163.com','2021-03-22 18:07:47','2022-03-17 18:07:47','2022-01-11 00:00:00','C=CN,ST=sh,L=sh,O=YZ,OU=YZ,CN=YZ,E=525451008@qq.com','MFkwEwYHKoZIzj0CAQYIKoEcz1UBgi0DQgAEAr/TsIzMFdpTPMvwjykt6H7EswG9/9Tzm081vXBmLNEWqq2MIsWzFc/1DlpF5c0/shoxEGNvgh41yLGfhDYX3w==','SM3WITHSM2','MEUCIAJJNOILXxXx1xYl/F0mAqLJ/n59lGbvTmNnKArFWmLsAiEA3x8I1TAFsgkP0Zc7IRaPhzPj1XLue4X03q0GXMfGi9Y=',2,''),(1,'16536043013348820582','C=CN,ST=Shanghai,L=Shanghai,O=VCCCTV\\ ,OU=YZ,CN=YZ,E=65364223@163.com','2021-03-22 18:09:37','2022-03-17 18:09:37','2022-01-12 00:00:00','C=CN,ST=sh,L=sh,O=YZ,OU=YZ,CN=YZ,E=525451008@qq.com','MFkwEwYHKoZIzj0CAQYIKoEcz1UBgi0DQgAEAr/TsIzMFdpTPMvwjykt6H7EswG9/9Tzm081vXBmLNEWqq2MIsWzFc/1DlpF5c0/shoxEGNvgh41yLGfhDYX3w==','SM3WITHSM2','MEYCIQDG5CVAb5DfzIbq1QoC0LUPyp4HcFMdXijET3oV1Oe/8gIhAN+b+QN1VH+w4A7bPH1xyCtuRQgGu5IBxjmYUhhLvpb8',1,''),(1,'16536043013348820583','C=CN,ST=Shanghai,L=Shanghai,O=VCCCTV\\ ,OU=YZ,CN=YZ,E=65364223@163.com','2021-03-22 18:09:54','2022-03-17 18:09:54','2022-01-12 00:00:00','C=CN,ST=sh,L=sh,O=YZ,OU=YZ,CN=YZ,E=525451008@qq.com','MFkwEwYHKoZIzj0CAQYIKoEcz1UBgi0DQgAEAr/TsIzMFdpTPMvwjykt6H7EswG9/9Tzm081vXBmLNEWqq2MIsWzFc/1DlpF5c0/shoxEGNvgh41yLGfhDYX3w==','SM3WITHSM2','MEUCIDD5xaf7p+zfGzBVfR8w1Fvj0opIVl60AosCf6vVWRGFAiEAzfp/fukyOC26zwcwr2BhYB/qYT/lcsSgTFuVmgSBI1w=',1,''),(1,'16536043013348820584','C=CN,ST=Shanghai,L=Shanghai,O=VCCCTV\\ ,OU=YZ,CN=YZ,E=65364223@163.com','2021-03-23 15:03:06','2024-03-21 15:03:06','2022-01-12 00:00:00','C=CN,ST=sh,L=sh,O=YZ,OU=YZ,CN=YZ,E=525451008@qq.com','MFkwEwYHKoZIzj0CAQYIKoEcz1UBgi0DQgAEAr/TsIzMFdpTPMvwjykt6H7EswG9/9Tzm081vXBmLNEWqq2MIsWzFc/1DlpF5c0/shoxEGNvgh41yLGfhDYX3w==','SM3WITHSM2','MEUCIQDiMrE7NugeMjXmOQ0HGS5jL1dFSJz32u5OKkd/lRs+oQIgEOyS/90tbDymokyS8L9gvo1QHKjiuIoDf8zBdw0ZxGo=',1,''),(1,'16536043013348820585','C=CN,ST=Shanghai,L=Shanghai,O=VCCCTV\\ ,OU=YZ,CN=YZ,E=65364223@163.com','2021-03-23 17:41:00','2022-03-18 17:41:00','2022-01-12 00:00:00','C=CN,ST=sh,L=sh,O=YZ,OU=YZ,CN=YZ,E=525451008@qq.com','MFkwEwYHKoZIzj0CAQYIKoEcz1UBgi0DQgAEAr/TsIzMFdpTPMvwjykt6H7EswG9/9Tzm081vXBmLNEWqq2MIsWzFc/1DlpF5c0/shoxEGNvgh41yLGfhDYX3w==','SM3WITHSM2','MEUCIQDkF0nd2cniHZn4Jae5Yne045yzZKlzaHOfybkqllidOAIgP1iBxBotgbQW0fLo53gwIYxCZ1n7ZFj4RyDQdKf1meY=',1,''),(1,'16536043013348820586','C=CN,ST=Shanghai,L=Shanghai,O=VCCCTV\\ ,OU=YZ,CN=YZ,E=65364223@163.com','2021-03-24 10:59:30','2021-06-22 10:59:30','2022-01-12 00:00:00','C=CN,ST=sh,L=sh,O=YZ,OU=YZ,CN=YZ,E=525451008@qq.com','MFkwEwYHKoZIzj0CAQYIKoEcz1UBgi0DQgAEAr/TsIzMFdpTPMvwjykt6H7EswG9/9Tzm081vXBmLNEWqq2MIsWzFc/1DlpF5c0/shoxEGNvgh41yLGfhDYX3w==','SM3WITHSM2','MEUCIG5jI/V3ZFNuC3BbH6UbxFFb6/gM9qnyiVgnZUB0wOOoAiEAnyQqcGE86x2zPqcnBwJPg7BLzp5+SVnkOly/u2CHL/g=',1,''),(3,'26362996438762523483','C=CN,ST=Shanghai,O=Shanghai Yuanzhe,OU=R&D Center,CN=Shanghai Yuanzhe Intermediate CA','2022-01-14 09:31:53','2042-01-09 09:31:53','2022-01-14 00:00:00','C=CN,O=org.zz,OU=org.zz,CN=example.org','MFkwEwYHKoZIzj0CAQYIKoEcz1UBgi0DQgAE+2xx/50O5zm6NGLBTCmcZGMyY6IHRqJ3kAj4C0Lfg8C7Lj6ye+ZysGcMRZdr52KhLBq5uZ9L580Prbqnsh66ow==','SM3WITHSM2','MEQCIB8QNhQcp17pwq8XEgzZ0JRwMVeBbzjH+wvUpE02cvxNAiA0QOY5MTDAb+K0V+6hsfIy9lhu9XZ6daIC2KnzOSNV6A==',3,''),(3,'28073324184433627331','C=CN,ST=Shanghai,O=Shanghai Yuanzhe,OU=R&D Center,CN=Shanghai Yuanzhe Intermediate CA','2022-01-12 10:39:31','2042-01-07 10:39:31','2022-01-12 00:00:00','C=CN,O=org.zz,OU=org.zz,CN=example.org','MFkwEwYHKoZIzj0CAQYIKoEcz1UBgi0DQgAEmaj/WP4hXk3Dce5eU1xgA8hEvs/Dm4FvVslfMlB/+XEKkkJ+Fe83sn6S8nqA9psI2/c0txM9w9C9MhM92xeORA==','SM3WITHSM2','MEYCIQCLgsn32fdNBgy2eDP2TDIXG3bEl6yk9XLH5yIsu+46KAIhAJ7p8dkkvePqJFHiF4BjB2lrnZJwVIT3Fw17VSsIAzHs',2,''),(3,'28620525712152541037','C=CN,O=org.zz,OU=org.zz,CN=ZZ Root CA','2022-01-12 10:39:31','2042-01-07 10:39:31','2022-01-12 00:00:00','C=CN,ST=Shanghai,O=Shanghai Yuanzhe,OU=R&D Center,CN=Shanghai Yuanzhe Intermediate CA','MFkwEwYHKoZIzj0CAQYIKoEcz1UBgi0DQgAEkr/y2zoJoAP6zuUTNbwDJ0KySZDsyfuJ2uOQd6O3/HQaB1sqD5QIO8oiufeXOJwyuBYoCRCKMw7r/zCZNJ7e5w==','SM3WITHSM2','MEUCID3+Fs/mhaMaXnY4iotXaI1Aa2A8ezsLpaof//t3DXsuAiEApM1k6c3bX+eBOpugh45ASpGpEuw7rhmpV2UYewT2Fys=',1,''),(3,'33067738209774933615','C=CN,O=org.zz,OU=org.zz,CN=ZZ Intermediate CA','2022-01-11 11:53:52','2042-01-06 11:53:52','2022-01-12 00:00:00','C=CN,O=org.zz,OU=org.zz,CN=example.org','MFkwEwYHKoZIzj0CAQYIKoEcz1UBgi0DQgAEKyX1HvPQ31pwEv6a3267MeBP/JSq+cHQsL4ibLVDnQ345GL9tSFdcKWM15yDu9JD7H3ijoVXiifJhutCSMX8hg==','SM3WITHSM2','MEQCIFph/KcabJMwTb/8n4idoyjLdMniZPeEW3a+a9SgWNtQAiAzISegPI4MAWfhWG+GwP5rNoqrzHxIT3ciVTTZuK1JnQ==',2,'');
/*!40000 ALTER TABLE `cer` ENABLE KEYS */;
UNLOCK TABLES;

--
-- Table structure for table `gen_table`
--

DROP TABLE IF EXISTS `gen_table`;
/*!40101 SET @saved_cs_client     = @@character_set_client */;
/*!50503 SET character_set_client = utf8mb4 */;
CREATE TABLE `gen_table` (
  `table_id` bigint NOT NULL AUTO_INCREMENT COMMENT '编号',
  `table_name` varchar(200) CHARACTER SET utf8 COLLATE utf8_general_ci DEFAULT '' COMMENT '表名称',
  `table_comment` varchar(500) CHARACTER SET utf8 COLLATE utf8_general_ci DEFAULT '' COMMENT '表描述',
  `sub_table_name` varchar(64) CHARACTER SET utf8 COLLATE utf8_general_ci DEFAULT NULL COMMENT '关联子表的表名',
  `sub_table_fk_name` varchar(64) CHARACTER SET utf8 COLLATE utf8_general_ci DEFAULT NULL COMMENT '子表关联的外键名',
  `class_name` varchar(100) CHARACTER SET utf8 COLLATE utf8_general_ci DEFAULT '' COMMENT '实体类名称',
  `tpl_category` varchar(200) CHARACTER SET utf8 COLLATE utf8_general_ci DEFAULT 'crud' COMMENT '使用的模板（crud单表操作 tree树表操作）',
  `package_name` varchar(100) CHARACTER SET utf8 COLLATE utf8_general_ci DEFAULT NULL COMMENT '生成包路径',
  `module_name` varchar(30) CHARACTER SET utf8 COLLATE utf8_general_ci DEFAULT NULL COMMENT '生成模块名',
  `business_name` varchar(30) CHARACTER SET utf8 COLLATE utf8_general_ci DEFAULT NULL COMMENT '生成业务名',
  `function_name` varchar(50) CHARACTER SET utf8 COLLATE utf8_general_ci DEFAULT NULL COMMENT '生成功能名',
  `function_author` varchar(50) CHARACTER SET utf8 COLLATE utf8_general_ci DEFAULT NULL COMMENT '生成功能作者',
  `gen_type` char(1) CHARACTER SET utf8 COLLATE utf8_general_ci DEFAULT '0' COMMENT '生成代码方式（0zip压缩包 1自定义路径）',
  `gen_path` varchar(200) CHARACTER SET utf8 COLLATE utf8_general_ci DEFAULT '/' COMMENT '生成路径（不填默认项目路径）',
  `options` varchar(1000) CHARACTER SET utf8 COLLATE utf8_general_ci DEFAULT NULL COMMENT '其它生成选项',
  `create_by` varchar(64) CHARACTER SET utf8 COLLATE utf8_general_ci DEFAULT '' COMMENT '创建者',
  `create_time` datetime DEFAULT NULL COMMENT '创建时间',
  `update_by` varchar(64) CHARACTER SET utf8 COLLATE utf8_general_ci DEFAULT '' COMMENT '更新者',
  `update_time` datetime DEFAULT NULL COMMENT '更新时间',
  `remark` varchar(500) CHARACTER SET utf8 COLLATE utf8_general_ci DEFAULT NULL COMMENT '备注',
  PRIMARY KEY (`table_id`) USING BTREE
) ENGINE=InnoDB AUTO_INCREMENT=3 DEFAULT CHARSET=utf8mb3 ROW_FORMAT=DYNAMIC COMMENT='代码生成业务表';
/*!40101 SET character_set_client = @saved_cs_client */;

--
-- Dumping data for table `gen_table`
--

LOCK TABLES `gen_table` WRITE;
/*!40000 ALTER TABLE `gen_table` DISABLE KEYS */;
INSERT INTO `gen_table` VALUES (2,'cer','证书列表',NULL,NULL,'Cer','crud','com.ruoyi.system','system','cer','证书管理','ruoyi','0','/','{}','admin','2022-01-05 09:13:50','','2022-01-05 09:44:36',NULL);
/*!40000 ALTER TABLE `gen_table` ENABLE KEYS */;
UNLOCK TABLES;

--
-- Table structure for table `gen_table_column`
--

DROP TABLE IF EXISTS `gen_table_column`;
/*!40101 SET @saved_cs_client     = @@character_set_client */;
/*!50503 SET character_set_client = utf8mb4 */;
CREATE TABLE `gen_table_column` (
  `column_id` bigint NOT NULL AUTO_INCREMENT COMMENT '编号',
  `table_id` varchar(64) CHARACTER SET utf8 COLLATE utf8_general_ci DEFAULT NULL COMMENT '归属表编号',
  `column_name` varchar(200) CHARACTER SET utf8 COLLATE utf8_general_ci DEFAULT NULL COMMENT '列名称',
  `column_comment` varchar(500) CHARACTER SET utf8 COLLATE utf8_general_ci DEFAULT NULL COMMENT '列描述',
  `column_type` varchar(100) CHARACTER SET utf8 COLLATE utf8_general_ci DEFAULT NULL COMMENT '列类型',
  `java_type` varchar(500) CHARACTER SET utf8 COLLATE utf8_general_ci DEFAULT NULL COMMENT 'JAVA类型',
  `java_field` varchar(200) CHARACTER SET utf8 COLLATE utf8_general_ci DEFAULT NULL COMMENT 'JAVA字段名',
  `is_pk` char(1) CHARACTER SET utf8 COLLATE utf8_general_ci DEFAULT NULL COMMENT '是否主键（1是）',
  `is_increment` char(1) CHARACTER SET utf8 COLLATE utf8_general_ci DEFAULT NULL COMMENT '是否自增（1是）',
  `is_required` char(1) CHARACTER SET utf8 COLLATE utf8_general_ci DEFAULT NULL COMMENT '是否必填（1是）',
  `is_insert` char(1) CHARACTER SET utf8 COLLATE utf8_general_ci DEFAULT NULL COMMENT '是否为插入字段（1是）',
  `is_edit` char(1) CHARACTER SET utf8 COLLATE utf8_general_ci DEFAULT NULL COMMENT '是否编辑字段（1是）',
  `is_list` char(1) CHARACTER SET utf8 COLLATE utf8_general_ci DEFAULT NULL COMMENT '是否列表字段（1是）',
  `is_query` char(1) CHARACTER SET utf8 COLLATE utf8_general_ci DEFAULT NULL COMMENT '是否查询字段（1是）',
  `query_type` varchar(200) CHARACTER SET utf8 COLLATE utf8_general_ci DEFAULT 'EQ' COMMENT '查询方式（等于、不等于、大于、小于、范围）',
  `html_type` varchar(200) CHARACTER SET utf8 COLLATE utf8_general_ci DEFAULT NULL COMMENT '显示类型（文本框、文本域、下拉框、复选框、单选框、日期控件）',
  `dict_type` varchar(200) CHARACTER SET utf8 COLLATE utf8_general_ci DEFAULT '' COMMENT '字典类型',
  `sort` int DEFAULT NULL COMMENT '排序',
  `create_by` varchar(64) CHARACTER SET utf8 COLLATE utf8_general_ci DEFAULT '' COMMENT '创建者',
  `create_time` datetime DEFAULT NULL COMMENT '创建时间',
  `update_by` varchar(64) CHARACTER SET utf8 COLLATE utf8_general_ci DEFAULT '' COMMENT '更新者',
  `update_time` datetime DEFAULT NULL COMMENT '更新时间',
  PRIMARY KEY (`column_id`) USING BTREE
) ENGINE=InnoDB AUTO_INCREMENT=20 DEFAULT CHARSET=utf8mb3 ROW_FORMAT=DYNAMIC COMMENT='代码生成业务表字段';
/*!40101 SET character_set_client = @saved_cs_client */;

--
-- Dumping data for table `gen_table_column`
--

LOCK TABLES `gen_table_column` WRITE;
/*!40000 ALTER TABLE `gen_table_column` DISABLE KEYS */;
INSERT INTO `gen_table_column` VALUES (10,'2','version','版本号','int(11)','Long','version','0','0',NULL,'1',NULL,'1',NULL,'EQ','input','',1,'admin','2022-01-05 09:13:50','','2022-01-05 09:44:36'),(11,'2','serial_number','序列号','varchar(255)','String','serialNumber','0','0','1','1',NULL,'1','1','EQ','input','',2,'admin','2022-01-05 09:13:50','','2022-01-05 09:44:36'),(12,'2','issuer_DN','颁发者','varchar(255)','String','issuerDn','0','0','1','1',NULL,'1','1','EQ','select','sys_issuers',3,'admin','2022-01-05 09:13:50','','2022-01-05 09:44:36'),(13,'2','start_date','生效时间','datetime','Date','startDate','0','0','1','1',NULL,'1','1','GTE','datetime','',4,'admin','2022-01-05 09:13:50','','2022-01-05 09:44:36'),(14,'2','final_date','失效时间','datetime','Date','finalDate','0','0','1','1',NULL,'1','1','GTE','datetime','',5,'admin','2022-01-05 09:13:50','','2022-01-05 09:44:36'),(15,'2','subject_DN','使用者','varchar(255)','String','subjectDn','0','0','1','1',NULL,'1','1','LIKE','input','',6,'admin','2022-01-05 09:13:50','','2022-01-05 09:44:36'),(16,'2','public_key','公钥','varchar(255)','String','publicKey','0','0',NULL,'1',NULL,NULL,NULL,'EQ','input','',7,'admin','2022-01-05 09:13:50','','2022-01-05 09:44:36'),(17,'2','signature_algorithm','签名算法','varchar(255)','String','signatureAlgorithm','0','0','1','1',NULL,'1','1','EQ','select','sys_signature_algorithm',8,'admin','2022-01-05 09:13:50','','2022-01-05 09:44:36'),(18,'2','signature','证书签名','varchar(255)','String','signature','0','0',NULL,'1',NULL,'1',NULL,'EQ','input','',9,'admin','2022-01-05 09:13:50','','2022-01-05 09:44:36'),(19,'2','status','状态','int(11)','Long','status','0','0',NULL,'1',NULL,'1',NULL,'EQ','radio','',10,'admin','2022-01-05 09:13:50','','2022-01-05 09:44:36');
/*!40000 ALTER TABLE `gen_table_column` ENABLE KEYS */;
UNLOCK TABLES;

--
-- Table structure for table `sys_config`
--

DROP TABLE IF EXISTS `sys_config`;
/*!40101 SET @saved_cs_client     = @@character_set_client */;
/*!50503 SET character_set_client = utf8mb4 */;
CREATE TABLE `sys_config` (
  `config_id` int NOT NULL AUTO_INCREMENT COMMENT '参数主键',
  `config_name` varchar(100) CHARACTER SET utf8 COLLATE utf8_general_ci DEFAULT '' COMMENT '参数名称',
  `config_key` varchar(100) CHARACTER SET utf8 COLLATE utf8_general_ci DEFAULT '' COMMENT '参数键名',
  `config_value` varchar(500) CHARACTER SET utf8 COLLATE utf8_general_ci DEFAULT '' COMMENT '参数键值',
  `config_type` char(1) CHARACTER SET utf8 COLLATE utf8_general_ci DEFAULT 'N' COMMENT '系统内置（Y是 N否）',
  `create_by` varchar(64) CHARACTER SET utf8 COLLATE utf8_general_ci DEFAULT '' COMMENT '创建者',
  `create_time` datetime DEFAULT NULL COMMENT '创建时间',
  `update_by` varchar(64) CHARACTER SET utf8 COLLATE utf8_general_ci DEFAULT '' COMMENT '更新者',
  `update_time` datetime DEFAULT NULL COMMENT '更新时间',
  `remark` varchar(500) CHARACTER SET utf8 COLLATE utf8_general_ci DEFAULT NULL COMMENT '备注',
  PRIMARY KEY (`config_id`) USING BTREE
) ENGINE=InnoDB AUTO_INCREMENT=6 DEFAULT CHARSET=utf8mb3 ROW_FORMAT=DYNAMIC COMMENT='参数配置表';
/*!40101 SET character_set_client = @saved_cs_client */;

--
-- Dumping data for table `sys_config`
--

LOCK TABLES `sys_config` WRITE;
/*!40000 ALTER TABLE `sys_config` DISABLE KEYS */;
INSERT INTO `sys_config` VALUES (1,'主框架页-默认皮肤样式名称','sys.index.skinName','skin-blue','Y','admin','2022-01-04 13:17:19','',NULL,'蓝色 skin-blue、绿色 skin-green、紫色 skin-purple、红色 skin-red、黄色 skin-yellow'),(2,'用户管理-账号初始密码','sys.user.initPassword','123456','Y','admin','2022-01-04 13:17:19','',NULL,'初始化密码 123456'),(3,'主框架页-侧边栏主题','sys.index.sideTheme','theme-dark','Y','admin','2022-01-04 13:17:19','',NULL,'深色主题theme-dark，浅色主题theme-light'),(4,'账号自助-验证码开关','sys.account.captchaOnOff','true','Y','admin','2022-01-04 13:17:19','',NULL,'是否开启验证码功能（true开启，false关闭）'),(5,'账号自助-是否开启用户注册功能','sys.account.registerUser','false','Y','admin','2022-01-04 13:17:19','',NULL,'是否开启注册用户功能（true开启，false关闭）');
/*!40000 ALTER TABLE `sys_config` ENABLE KEYS */;
UNLOCK TABLES;

--
-- Table structure for table `sys_dept`
--

DROP TABLE IF EXISTS `sys_dept`;
/*!40101 SET @saved_cs_client     = @@character_set_client */;
/*!50503 SET character_set_client = utf8mb4 */;
CREATE TABLE `sys_dept` (
  `dept_id` bigint NOT NULL AUTO_INCREMENT COMMENT '部门id',
  `parent_id` bigint DEFAULT '0' COMMENT '父部门id',
  `ancestors` varchar(50) CHARACTER SET utf8 COLLATE utf8_general_ci DEFAULT '' COMMENT '祖级列表',
  `dept_name` varchar(30) CHARACTER SET utf8 COLLATE utf8_general_ci DEFAULT '' COMMENT '部门名称',
  `order_num` int DEFAULT '0' COMMENT '显示顺序',
  `leader` varchar(20) CHARACTER SET utf8 COLLATE utf8_general_ci DEFAULT NULL COMMENT '负责人',
  `phone` varchar(11) CHARACTER SET utf8 COLLATE utf8_general_ci DEFAULT NULL COMMENT '联系电话',
  `email` varchar(50) CHARACTER SET utf8 COLLATE utf8_general_ci DEFAULT NULL COMMENT '邮箱',
  `status` char(1) CHARACTER SET utf8 COLLATE utf8_general_ci DEFAULT '0' COMMENT '部门状态（0正常 1停用）',
  `del_flag` char(1) CHARACTER SET utf8 COLLATE utf8_general_ci DEFAULT '0' COMMENT '删除标志（0代表存在 2代表删除）',
  `create_by` varchar(64) CHARACTER SET utf8 COLLATE utf8_general_ci DEFAULT '' COMMENT '创建者',
  `create_time` datetime DEFAULT NULL COMMENT '创建时间',
  `update_by` varchar(64) CHARACTER SET utf8 COLLATE utf8_general_ci DEFAULT '' COMMENT '更新者',
  `update_time` datetime DEFAULT NULL COMMENT '更新时间',
  PRIMARY KEY (`dept_id`) USING BTREE
) ENGINE=InnoDB AUTO_INCREMENT=110 DEFAULT CHARSET=utf8mb3 ROW_FORMAT=DYNAMIC COMMENT='部门表';
/*!40101 SET character_set_client = @saved_cs_client */;

--
-- Dumping data for table `sys_dept`
--

LOCK TABLES `sys_dept` WRITE;
/*!40000 ALTER TABLE `sys_dept` DISABLE KEYS */;
INSERT INTO `sys_dept` VALUES (100,0,'0','若依科技',0,'若依','15888888888','ry@qq.com','0','0','admin','2022-01-04 13:17:19','',NULL),(101,100,'0,100','深圳总公司',1,'若依','15888888888','ry@qq.com','0','0','admin','2022-01-04 13:17:19','',NULL),(102,100,'0,100','长沙分公司',2,'若依','15888888888','ry@qq.com','0','0','admin','2022-01-04 13:17:19','',NULL),(103,101,'0,100,101','研发部门',1,'若依','15888888888','ry@qq.com','0','0','admin','2022-01-04 13:17:19','',NULL),(104,101,'0,100,101','市场部门',2,'若依','15888888888','ry@qq.com','0','0','admin','2022-01-04 13:17:19','',NULL),(105,101,'0,100,101','测试部门',3,'若依','15888888888','ry@qq.com','0','0','admin','2022-01-04 13:17:19','',NULL),(106,101,'0,100,101','财务部门',4,'若依','15888888888','ry@qq.com','0','0','admin','2022-01-04 13:17:19','',NULL),(107,101,'0,100,101','运维部门',5,'若依','15888888888','ry@qq.com','0','0','admin','2022-01-04 13:17:19','',NULL),(108,102,'0,100,102','市场部门',1,'若依','15888888888','ry@qq.com','0','0','admin','2022-01-04 13:17:19','',NULL),(109,102,'0,100,102','财务部门',2,'若依','15888888888','ry@qq.com','0','0','admin','2022-01-04 13:17:19','',NULL);
/*!40000 ALTER TABLE `sys_dept` ENABLE KEYS */;
UNLOCK TABLES;

--
-- Table structure for table `sys_dict_data`
--

DROP TABLE IF EXISTS `sys_dict_data`;
/*!40101 SET @saved_cs_client     = @@character_set_client */;
/*!50503 SET character_set_client = utf8mb4 */;
CREATE TABLE `sys_dict_data` (
  `dict_code` bigint NOT NULL AUTO_INCREMENT COMMENT '字典编码',
  `dict_sort` int DEFAULT '0' COMMENT '字典排序',
  `dict_label` varchar(100) CHARACTER SET utf8 COLLATE utf8_general_ci DEFAULT '' COMMENT '字典标签',
  `dict_value` varchar(100) CHARACTER SET utf8 COLLATE utf8_general_ci DEFAULT '' COMMENT '字典键值',
  `dict_type` varchar(100) CHARACTER SET utf8 COLLATE utf8_general_ci DEFAULT '' COMMENT '字典类型',
  `css_class` varchar(100) CHARACTER SET utf8 COLLATE utf8_general_ci DEFAULT NULL COMMENT '样式属性（其他样式扩展）',
  `list_class` varchar(100) CHARACTER SET utf8 COLLATE utf8_general_ci DEFAULT NULL COMMENT '表格回显样式',
  `is_default` char(1) CHARACTER SET utf8 COLLATE utf8_general_ci DEFAULT 'N' COMMENT '是否默认（Y是 N否）',
  `status` char(1) CHARACTER SET utf8 COLLATE utf8_general_ci DEFAULT '0' COMMENT '状态（0正常 1停用）',
  `create_by` varchar(64) CHARACTER SET utf8 COLLATE utf8_general_ci DEFAULT '' COMMENT '创建者',
  `create_time` datetime DEFAULT NULL COMMENT '创建时间',
  `update_by` varchar(64) CHARACTER SET utf8 COLLATE utf8_general_ci DEFAULT '' COMMENT '更新者',
  `update_time` datetime DEFAULT NULL COMMENT '更新时间',
  `remark` varchar(500) CHARACTER SET utf8 COLLATE utf8_general_ci DEFAULT NULL COMMENT '备注',
  PRIMARY KEY (`dict_code`) USING BTREE
) ENGINE=InnoDB AUTO_INCREMENT=31 DEFAULT CHARSET=utf8mb3 ROW_FORMAT=DYNAMIC COMMENT='字典数据表';
/*!40101 SET character_set_client = @saved_cs_client */;

--
-- Dumping data for table `sys_dict_data`
--

LOCK TABLES `sys_dict_data` WRITE;
/*!40000 ALTER TABLE `sys_dict_data` DISABLE KEYS */;
INSERT INTO `sys_dict_data` VALUES (1,1,'男','0','sys_user_sex','','','Y','0','admin','2022-01-04 13:17:19','',NULL,'性别男'),(2,2,'女','1','sys_user_sex','','','N','0','admin','2022-01-04 13:17:19','',NULL,'性别女'),(3,3,'未知','2','sys_user_sex','','','N','0','admin','2022-01-04 13:17:19','',NULL,'性别未知'),(4,1,'显示','0','sys_show_hide','','primary','Y','0','admin','2022-01-04 13:17:19','',NULL,'显示菜单'),(5,2,'隐藏','1','sys_show_hide','','danger','N','0','admin','2022-01-04 13:17:19','',NULL,'隐藏菜单'),(6,1,'正常','0','sys_normal_disable','','primary','Y','0','admin','2022-01-04 13:17:19','',NULL,'正常状态'),(7,2,'停用','1','sys_normal_disable','','danger','N','0','admin','2022-01-04 13:17:19','',NULL,'停用状态'),(8,1,'正常','0','sys_job_status','','primary','Y','0','admin','2022-01-04 13:17:19','',NULL,'正常状态'),(9,2,'暂停','1','sys_job_status','','danger','N','0','admin','2022-01-04 13:17:19','',NULL,'停用状态'),(10,1,'默认','DEFAULT','sys_job_group','','','Y','0','admin','2022-01-04 13:17:19','',NULL,'默认分组'),(11,2,'系统','SYSTEM','sys_job_group','','','N','0','admin','2022-01-04 13:17:19','',NULL,'系统分组'),(12,1,'是','Y','sys_yes_no','','primary','Y','0','admin','2022-01-04 13:17:19','',NULL,'系统默认是'),(13,2,'否','N','sys_yes_no','','danger','N','0','admin','2022-01-04 13:17:19','',NULL,'系统默认否'),(14,1,'通知','1','sys_notice_type','','warning','Y','0','admin','2022-01-04 13:17:19','',NULL,'通知'),(15,2,'公告','2','sys_notice_type','','success','N','0','admin','2022-01-04 13:17:19','',NULL,'公告'),(16,1,'正常','0','sys_notice_status','','primary','Y','0','admin','2022-01-04 13:17:19','',NULL,'正常状态'),(17,2,'关闭','1','sys_notice_status','','danger','N','0','admin','2022-01-04 13:17:19','',NULL,'关闭状态'),(18,1,'新增','1','sys_oper_type','','info','N','0','admin','2022-01-04 13:17:19','',NULL,'新增操作'),(19,2,'修改','2','sys_oper_type','','info','N','0','admin','2022-01-04 13:17:19','',NULL,'修改操作'),(20,3,'删除','3','sys_oper_type','','danger','N','0','admin','2022-01-04 13:17:19','',NULL,'删除操作'),(21,4,'授权','4','sys_oper_type','','primary','N','0','admin','2022-01-04 13:17:19','',NULL,'授权操作'),(22,5,'导出','5','sys_oper_type','','warning','N','0','admin','2022-01-04 13:17:19','',NULL,'导出操作'),(23,6,'导入','6','sys_oper_type','','warning','N','0','admin','2022-01-04 13:17:19','',NULL,'导入操作'),(24,7,'强退','7','sys_oper_type','','danger','N','0','admin','2022-01-04 13:17:19','',NULL,'强退操作'),(25,8,'生成代码','8','sys_oper_type','','warning','N','0','admin','2022-01-04 13:17:19','',NULL,'生成操作'),(26,9,'清空数据','9','sys_oper_type','','danger','N','0','admin','2022-01-04 13:17:19','',NULL,'清空操作'),(27,1,'成功','0','sys_common_status','','primary','N','0','admin','2022-01-04 13:17:19','',NULL,'正常状态'),(28,2,'失败','1','sys_common_status','','danger','N','0','admin','2022-01-04 13:17:19','',NULL,'停用状态'),(29,1,'C=CN,O=org.zz,OU=org.zz,CN=ZZ Root CA','0','sys_issuers',NULL,NULL,'N','0','admin',NULL,'',NULL,NULL),(30,1,'SM3WITHSM2','0','sys_signature_algorithm',NULL,NULL,'N','0','admin',NULL,'',NULL,NULL);
/*!40000 ALTER TABLE `sys_dict_data` ENABLE KEYS */;
UNLOCK TABLES;

--
-- Table structure for table `sys_dict_type`
--

DROP TABLE IF EXISTS `sys_dict_type`;
/*!40101 SET @saved_cs_client     = @@character_set_client */;
/*!50503 SET character_set_client = utf8mb4 */;
CREATE TABLE `sys_dict_type` (
  `dict_id` bigint NOT NULL AUTO_INCREMENT COMMENT '字典主键',
  `dict_name` varchar(100) CHARACTER SET utf8 COLLATE utf8_general_ci DEFAULT '' COMMENT '字典名称',
  `dict_type` varchar(100) CHARACTER SET utf8 COLLATE utf8_general_ci DEFAULT '' COMMENT '字典类型',
  `status` char(1) CHARACTER SET utf8 COLLATE utf8_general_ci DEFAULT '0' COMMENT '状态（0正常 1停用）',
  `create_by` varchar(64) CHARACTER SET utf8 COLLATE utf8_general_ci DEFAULT '' COMMENT '创建者',
  `create_time` datetime DEFAULT NULL COMMENT '创建时间',
  `update_by` varchar(64) CHARACTER SET utf8 COLLATE utf8_general_ci DEFAULT '' COMMENT '更新者',
  `update_time` datetime DEFAULT NULL COMMENT '更新时间',
  `remark` varchar(500) CHARACTER SET utf8 COLLATE utf8_general_ci DEFAULT NULL COMMENT '备注',
  PRIMARY KEY (`dict_id`) USING BTREE,
  UNIQUE KEY `dict_type` (`dict_type`) USING BTREE
) ENGINE=InnoDB AUTO_INCREMENT=102 DEFAULT CHARSET=utf8mb3 ROW_FORMAT=DYNAMIC COMMENT='字典类型表';
/*!40101 SET character_set_client = @saved_cs_client */;

--
-- Dumping data for table `sys_dict_type`
--

LOCK TABLES `sys_dict_type` WRITE;
/*!40000 ALTER TABLE `sys_dict_type` DISABLE KEYS */;
INSERT INTO `sys_dict_type` VALUES (1,'用户性别','sys_user_sex','0','admin','2022-01-04 13:17:19','',NULL,'用户性别列表'),(2,'菜单状态','sys_show_hide','0','admin','2022-01-04 13:17:19','',NULL,'菜单状态列表'),(3,'系统开关','sys_normal_disable','0','admin','2022-01-04 13:17:19','',NULL,'系统开关列表'),(4,'任务状态','sys_job_status','0','admin','2022-01-04 13:17:19','',NULL,'任务状态列表'),(5,'任务分组','sys_job_group','0','admin','2022-01-04 13:17:19','',NULL,'任务分组列表'),(6,'系统是否','sys_yes_no','0','admin','2022-01-04 13:17:19','',NULL,'系统是否列表'),(7,'通知类型','sys_notice_type','0','admin','2022-01-04 13:17:19','',NULL,'通知类型列表'),(8,'通知状态','sys_notice_status','0','admin','2022-01-04 13:17:19','',NULL,'通知状态列表'),(9,'操作类型','sys_oper_type','0','admin','2022-01-04 13:17:19','',NULL,'操作类型列表'),(10,'系统状态','sys_common_status','0','admin','2022-01-04 13:17:19','',NULL,'登录状态列表'),(100,'颁发者','sys_issuers','0','admin','2022-01-04 15:40:48','',NULL,'颁发者列表'),(101,'签名算法','sys_signature_algorithm','0','admin','2022-01-04 15:50:27','admin','2022-01-04 15:51:28','签名算法列表');
/*!40000 ALTER TABLE `sys_dict_type` ENABLE KEYS */;
UNLOCK TABLES;

--
-- Table structure for table `sys_job`
--

DROP TABLE IF EXISTS `sys_job`;
/*!40101 SET @saved_cs_client     = @@character_set_client */;
/*!50503 SET character_set_client = utf8mb4 */;
CREATE TABLE `sys_job` (
  `job_id` bigint NOT NULL AUTO_INCREMENT COMMENT '任务ID',
  `job_name` varchar(64) CHARACTER SET utf8 COLLATE utf8_general_ci NOT NULL DEFAULT '' COMMENT '任务名称',
  `job_group` varchar(64) CHARACTER SET utf8 COLLATE utf8_general_ci NOT NULL DEFAULT 'DEFAULT' COMMENT '任务组名',
  `invoke_target` varchar(500) CHARACTER SET utf8 COLLATE utf8_general_ci NOT NULL COMMENT '调用目标字符串',
  `cron_expression` varchar(255) CHARACTER SET utf8 COLLATE utf8_general_ci DEFAULT '' COMMENT 'cron执行表达式',
  `misfire_policy` varchar(20) CHARACTER SET utf8 COLLATE utf8_general_ci DEFAULT '3' COMMENT '计划执行错误策略（1立即执行 2执行一次 3放弃执行）',
  `concurrent` char(1) CHARACTER SET utf8 COLLATE utf8_general_ci DEFAULT '1' COMMENT '是否并发执行（0允许 1禁止）',
  `status` char(1) CHARACTER SET utf8 COLLATE utf8_general_ci DEFAULT '0' COMMENT '状态（0正常 1暂停）',
  `create_by` varchar(64) CHARACTER SET utf8 COLLATE utf8_general_ci DEFAULT '' COMMENT '创建者',
  `create_time` datetime DEFAULT NULL COMMENT '创建时间',
  `update_by` varchar(64) CHARACTER SET utf8 COLLATE utf8_general_ci DEFAULT '' COMMENT '更新者',
  `update_time` datetime DEFAULT NULL COMMENT '更新时间',
  `remark` varchar(500) CHARACTER SET utf8 COLLATE utf8_general_ci DEFAULT '' COMMENT '备注信息',
  PRIMARY KEY (`job_id`,`job_name`,`job_group`) USING BTREE
) ENGINE=InnoDB AUTO_INCREMENT=4 DEFAULT CHARSET=utf8mb3 ROW_FORMAT=DYNAMIC COMMENT='定时任务调度表';
/*!40101 SET character_set_client = @saved_cs_client */;

--
-- Dumping data for table `sys_job`
--

LOCK TABLES `sys_job` WRITE;
/*!40000 ALTER TABLE `sys_job` DISABLE KEYS */;
INSERT INTO `sys_job` VALUES (1,'系统默认（无参）','DEFAULT','ryTask.ryNoParams','0/10 * * * * ?','3','1','1','admin','2022-01-04 13:17:19','',NULL,''),(2,'系统默认（有参）','DEFAULT','ryTask.ryParams(\'ry\')','0/15 * * * * ?','3','1','1','admin','2022-01-04 13:17:19','',NULL,''),(3,'系统默认（多参）','DEFAULT','ryTask.ryMultipleParams(\'ry\', true, 2000L, 316.50D, 100)','0/20 * * * * ?','3','1','1','admin','2022-01-04 13:17:19','',NULL,'');
/*!40000 ALTER TABLE `sys_job` ENABLE KEYS */;
UNLOCK TABLES;

--
-- Table structure for table `sys_job_log`
--

DROP TABLE IF EXISTS `sys_job_log`;
/*!40101 SET @saved_cs_client     = @@character_set_client */;
/*!50503 SET character_set_client = utf8mb4 */;
CREATE TABLE `sys_job_log` (
  `job_log_id` bigint NOT NULL AUTO_INCREMENT COMMENT '任务日志ID',
  `job_name` varchar(64) CHARACTER SET utf8 COLLATE utf8_general_ci NOT NULL COMMENT '任务名称',
  `job_group` varchar(64) CHARACTER SET utf8 COLLATE utf8_general_ci NOT NULL COMMENT '任务组名',
  `invoke_target` varchar(500) CHARACTER SET utf8 COLLATE utf8_general_ci NOT NULL COMMENT '调用目标字符串',
  `job_message` varchar(500) CHARACTER SET utf8 COLLATE utf8_general_ci DEFAULT NULL COMMENT '日志信息',
  `status` char(1) CHARACTER SET utf8 COLLATE utf8_general_ci DEFAULT '0' COMMENT '执行状态（0正常 1失败）',
  `exception_info` varchar(2000) CHARACTER SET utf8 COLLATE utf8_general_ci DEFAULT '' COMMENT '异常信息',
  `create_time` datetime DEFAULT NULL COMMENT '创建时间',
  PRIMARY KEY (`job_log_id`) USING BTREE
) ENGINE=InnoDB DEFAULT CHARSET=utf8mb3 ROW_FORMAT=DYNAMIC COMMENT='定时任务调度日志表';
/*!40101 SET character_set_client = @saved_cs_client */;

--
-- Dumping data for table `sys_job_log`
--

LOCK TABLES `sys_job_log` WRITE;
/*!40000 ALTER TABLE `sys_job_log` DISABLE KEYS */;
/*!40000 ALTER TABLE `sys_job_log` ENABLE KEYS */;
UNLOCK TABLES;

--
-- Table structure for table `sys_logininfor`
--

DROP TABLE IF EXISTS `sys_logininfor`;
/*!40101 SET @saved_cs_client     = @@character_set_client */;
/*!50503 SET character_set_client = utf8mb4 */;
CREATE TABLE `sys_logininfor` (
  `info_id` bigint NOT NULL AUTO_INCREMENT COMMENT '访问ID',
  `user_name` varchar(50) CHARACTER SET utf8 COLLATE utf8_general_ci DEFAULT '' COMMENT '用户账号',
  `ipaddr` varchar(128) CHARACTER SET utf8 COLLATE utf8_general_ci DEFAULT '' COMMENT '登录IP地址',
  `login_location` varchar(255) CHARACTER SET utf8 COLLATE utf8_general_ci DEFAULT '' COMMENT '登录地点',
  `browser` varchar(50) CHARACTER SET utf8 COLLATE utf8_general_ci DEFAULT '' COMMENT '浏览器类型',
  `os` varchar(50) CHARACTER SET utf8 COLLATE utf8_general_ci DEFAULT '' COMMENT '操作系统',
  `status` char(1) CHARACTER SET utf8 COLLATE utf8_general_ci DEFAULT '0' COMMENT '登录状态（0成功 1失败）',
  `msg` varchar(255) CHARACTER SET utf8 COLLATE utf8_general_ci DEFAULT '' COMMENT '提示消息',
  `login_time` datetime DEFAULT NULL COMMENT '访问时间',
  PRIMARY KEY (`info_id`) USING BTREE
) ENGINE=InnoDB AUTO_INCREMENT=135 DEFAULT CHARSET=utf8mb3 ROW_FORMAT=DYNAMIC COMMENT='系统访问记录';
/*!40101 SET character_set_client = @saved_cs_client */;

--
-- Dumping data for table `sys_logininfor`
--

LOCK TABLES `sys_logininfor` WRITE;
/*!40000 ALTER TABLE `sys_logininfor` DISABLE KEYS */;
INSERT INTO `sys_logininfor` VALUES (100,'admin','127.0.0.1','内网IP','Chrome 9','Windows 10','0','登录成功','2022-01-04 13:36:27'),(101,'admin','127.0.0.1','内网IP','Chrome 9','Windows 10','0','登录成功','2022-01-04 13:43:36'),(102,'admin','127.0.0.1','内网IP','Chrome 9','Windows 10','0','登录成功','2022-01-04 14:26:45'),(103,'admin','127.0.0.1','内网IP','Firefox 9','Windows 10','0','登录成功','2022-01-04 14:59:35'),(104,'admin','127.0.0.1','内网IP','Firefox 9','Windows 10','0','登录成功','2022-01-04 15:40:16'),(105,'admin','127.0.0.1','内网IP','Chrome 9','Windows 10','0','登录成功','2022-01-04 20:38:28'),(106,'admin','127.0.0.1','内网IP','Firefox 9','Windows 10','0','登录成功','2022-01-04 20:41:22'),(107,'admin','127.0.0.1','内网IP','Firefox 9','Windows 10','0','登录成功','2022-01-04 20:42:24'),(108,'admin','127.0.0.1','内网IP','Chrome 9','Windows 10','0','登录成功','2022-01-04 23:11:42'),(109,'admin','127.0.0.1','内网IP','Firefox 9','Windows 10','0','登录成功','2022-01-05 09:12:20'),(110,'admin','127.0.0.1','内网IP','Firefox 9','Windows 10','0','登录成功','2022-01-05 11:32:13'),(111,'admin','127.0.0.1','内网IP','Chrome 8','Windows 10','0','登录成功','2022-01-06 14:24:09'),(112,'admin','127.0.0.1','内网IP','Chrome 8','Windows 10','0','登录成功','2022-01-06 15:47:27'),(113,'admin','127.0.0.1','内网IP','Chrome 8','Windows 10','0','登录成功','2022-01-07 10:00:52'),(114,'admin','127.0.0.1','内网IP','Chrome 8','Windows 10','1','验证码错误','2022-01-07 11:06:07'),(115,'admin','127.0.0.1','内网IP','Chrome 8','Windows 10','0','登录成功','2022-01-07 11:06:11'),(116,'admin','127.0.0.1','内网IP','Chrome 8','Windows 10','0','登录成功','2022-01-10 09:40:57'),(117,'admin','127.0.0.1','内网IP','Chrome 9','Windows 10','0','登录成功','2022-01-12 10:51:04'),(118,'admin','127.0.0.1','内网IP','Chrome 8','Windows 10','0','登录成功','2022-01-12 10:54:31'),(119,'admin','127.0.0.1','内网IP','Chrome 8','Windows 10','0','登录成功','2022-01-14 09:36:09'),(120,'admin','127.0.0.1','内网IP','Chrome 8','Windows 10','0','登录成功','2022-01-14 10:55:06'),(121,'admin','127.0.0.1','内网IP','Chrome 8','Windows 10','0','登录成功','2022-01-14 11:53:25'),(122,'admin','127.0.0.1','内网IP','Chrome 8','Windows 10','0','登录成功','2022-01-14 13:35:22'),(123,'admin','127.0.0.1','内网IP','Chrome 8','Windows 10','1','验证码错误','2022-01-14 14:23:51'),(124,'admin','127.0.0.1','内网IP','Chrome 8','Windows 10','1','验证码错误','2022-01-14 14:24:05'),(125,'admin','127.0.0.1','内网IP','Chrome 8','Windows 10','0','登录成功','2022-01-14 14:25:27'),(126,'admin','127.0.0.1','内网IP','Chrome 8','Windows 10','1','验证码错误','2022-01-16 11:27:48'),(127,'admin','127.0.0.1','内网IP','Chrome 8','Windows 10','0','登录成功','2022-01-16 11:27:52'),(128,'admin','127.0.0.1','内网IP','Chrome 8','Windows 10','0','退出成功','2022-01-16 11:39:02'),(129,'admin','127.0.0.1','内网IP','Chrome 8','Windows 10','0','登录成功','2022-01-16 11:39:06'),(130,'admin','127.0.0.1','内网IP','Chrome 8','Windows 10','1','验证码错误','2022-03-08 13:01:18'),(131,'admin','127.0.0.1','内网IP','Chrome 8','Windows 10','0','登录成功','2022-03-08 13:01:21'),(132,'admin','127.0.0.1','内网IP','Chrome 8','Windows 10','0','登录成功','2022-03-08 18:13:31'),(133,'admin','127.0.0.1','内网IP','Chrome 8','Windows 10','0','登录成功','2022-03-10 14:32:09'),(134,'admin','127.0.0.1','内网IP','Chrome 8','Windows 10','0','登录成功','2022-03-11 10:21:09');
/*!40000 ALTER TABLE `sys_logininfor` ENABLE KEYS */;
UNLOCK TABLES;

--
-- Table structure for table `sys_menu`
--

DROP TABLE IF EXISTS `sys_menu`;
/*!40101 SET @saved_cs_client     = @@character_set_client */;
/*!50503 SET character_set_client = utf8mb4 */;
CREATE TABLE `sys_menu` (
  `menu_id` bigint NOT NULL AUTO_INCREMENT COMMENT '菜单ID',
  `menu_name` varchar(50) CHARACTER SET utf8 COLLATE utf8_general_ci NOT NULL COMMENT '菜单名称',
  `parent_id` bigint DEFAULT '0' COMMENT '父菜单ID',
  `order_num` int DEFAULT '0' COMMENT '显示顺序',
  `path` varchar(200) CHARACTER SET utf8 COLLATE utf8_general_ci DEFAULT '' COMMENT '路由地址',
  `component` varchar(255) CHARACTER SET utf8 COLLATE utf8_general_ci DEFAULT NULL COMMENT '组件路径',
  `query` varchar(255) CHARACTER SET utf8 COLLATE utf8_general_ci DEFAULT NULL COMMENT '路由参数',
  `is_frame` int DEFAULT '1' COMMENT '是否为外链（0是 1否）',
  `is_cache` int DEFAULT '0' COMMENT '是否缓存（0缓存 1不缓存）',
  `menu_type` char(1) CHARACTER SET utf8 COLLATE utf8_general_ci DEFAULT '' COMMENT '菜单类型（M目录 C菜单 F按钮）',
  `visible` char(1) CHARACTER SET utf8 COLLATE utf8_general_ci DEFAULT '0' COMMENT '菜单状态（0显示 1隐藏）',
  `status` char(1) CHARACTER SET utf8 COLLATE utf8_general_ci DEFAULT '0' COMMENT '菜单状态（0正常 1停用）',
  `perms` varchar(100) CHARACTER SET utf8 COLLATE utf8_general_ci DEFAULT NULL COMMENT '权限标识',
  `icon` varchar(100) CHARACTER SET utf8 COLLATE utf8_general_ci DEFAULT '#' COMMENT '菜单图标',
  `create_by` varchar(64) CHARACTER SET utf8 COLLATE utf8_general_ci DEFAULT '' COMMENT '创建者',
  `create_time` datetime DEFAULT NULL COMMENT '创建时间',
  `update_by` varchar(64) CHARACTER SET utf8 COLLATE utf8_general_ci DEFAULT '' COMMENT '更新者',
  `update_time` datetime DEFAULT NULL COMMENT '更新时间',
  `remark` varchar(500) CHARACTER SET utf8 COLLATE utf8_general_ci DEFAULT '' COMMENT '备注',
  PRIMARY KEY (`menu_id`) USING BTREE
) ENGINE=InnoDB AUTO_INCREMENT=2013 DEFAULT CHARSET=utf8mb3 ROW_FORMAT=DYNAMIC COMMENT='菜单权限表';
/*!40101 SET character_set_client = @saved_cs_client */;

--
-- Dumping data for table `sys_menu`
--

LOCK TABLES `sys_menu` WRITE;
/*!40000 ALTER TABLE `sys_menu` DISABLE KEYS */;
INSERT INTO `sys_menu` VALUES (1,'系统管理',0,1,'system',NULL,'',1,0,'M','0','0','','system','admin','2022-01-04 13:17:19','',NULL,'系统管理目录'),(2,'系统监控',0,2,'monitor',NULL,'',1,0,'M','1','0','','monitor','admin','2022-01-04 13:17:19','admin','2022-03-10 14:34:12','系统监控目录'),(3,'系统工具',0,3,'tool',NULL,'',1,0,'M','1','0','','tool','admin','2022-01-04 13:17:19','admin','2022-01-14 11:55:24','系统工具目录'),(4,'若依官网',0,4,'http://ruoyi.vip',NULL,'',0,0,'M','1','0','','guide','admin','2022-01-04 13:17:19','admin','2022-01-14 11:55:18','若依官网地址'),(100,'用户管理',1,1,'user','system/user/index','',1,0,'C','0','0','system:user:list','user','admin','2022-01-04 13:17:19','',NULL,'用户管理菜单'),(101,'角色管理',1,2,'role','system/role/index','',1,0,'C','0','0','system:role:list','peoples','admin','2022-01-04 13:17:19','',NULL,'角色管理菜单'),(102,'菜单管理',1,3,'menu','system/menu/index','',1,0,'C','0','0','system:menu:list','tree-table','admin','2022-01-04 13:17:19','',NULL,'菜单管理菜单'),(103,'部门管理',1,4,'dept','system/dept/index','',1,0,'C','1','0','system:dept:list','tree','admin','2022-01-04 13:17:19','admin','2022-03-10 14:40:09','部门管理菜单'),(104,'岗位管理',1,5,'post','system/post/index','',1,0,'C','1','0','system:post:list','post','admin','2022-01-04 13:17:19','admin','2022-03-10 14:40:13','岗位管理菜单'),(105,'字典管理',1,6,'dict','system/dict/index','',1,0,'C','1','0','system:dict:list','dict','admin','2022-01-04 13:17:19','admin','2022-03-10 14:40:17','字典管理菜单'),(106,'参数设置',1,7,'config','system/config/index','',1,0,'C','1','0','system:config:list','edit','admin','2022-01-04 13:17:19','admin','2022-03-10 14:40:20','参数设置菜单'),(107,'通知公告',1,8,'notice','system/notice/index','',1,0,'C','1','0','system:notice:list','message','admin','2022-01-04 13:17:19','admin','2022-03-10 14:40:23','通知公告菜单'),(108,'日志管理',1,9,'log','','',1,0,'M','1','0','','log','admin','2022-01-04 13:17:19','admin','2022-03-10 14:40:26','日志管理菜单'),(109,'在线用户',2,1,'online','monitor/online/index','',1,0,'C','0','0','monitor:online:list','online','admin','2022-01-04 13:17:19','',NULL,'在线用户菜单'),(110,'定时任务',2,2,'job','monitor/job/index','',1,0,'C','0','0','monitor:job:list','job','admin','2022-01-04 13:17:19','',NULL,'定时任务菜单'),(111,'数据监控',2,3,'druid','monitor/druid/index','',1,0,'C','0','0','monitor:druid:list','druid','admin','2022-01-04 13:17:19','',NULL,'数据监控菜单'),(112,'服务监控',2,4,'server','monitor/server/index','',1,0,'C','0','0','monitor:server:list','server','admin','2022-01-04 13:17:19','',NULL,'服务监控菜单'),(113,'缓存监控',2,5,'cache','monitor/cache/index','',1,0,'C','0','0','monitor:cache:list','redis','admin','2022-01-04 13:17:19','',NULL,'缓存监控菜单'),(114,'表单构建',3,1,'build','tool/build/index','',1,0,'C','0','0','tool:build:list','build','admin','2022-01-04 13:17:19','',NULL,'表单构建菜单'),(115,'代码生成',3,2,'gen','tool/gen/index','',1,0,'C','0','0','tool:gen:list','code','admin','2022-01-04 13:17:19','',NULL,'代码生成菜单'),(116,'系统接口',3,3,'swagger','tool/swagger/index','',1,0,'C','0','0','tool:swagger:list','swagger','admin','2022-01-04 13:17:19','',NULL,'系统接口菜单'),(500,'操作日志',108,1,'operlog','monitor/operlog/index','',1,0,'C','0','0','monitor:operlog:list','form','admin','2022-01-04 13:17:19','',NULL,'操作日志菜单'),(501,'登录日志',108,2,'logininfor','monitor/logininfor/index','',1,0,'C','0','0','monitor:logininfor:list','logininfor','admin','2022-01-04 13:17:19','',NULL,'登录日志菜单'),(1001,'用户查询',100,1,'','','',1,0,'F','0','0','system:user:query','#','admin','2022-01-04 13:17:19','',NULL,''),(1002,'用户新增',100,2,'','','',1,0,'F','0','0','system:user:add','#','admin','2022-01-04 13:17:19','',NULL,''),(1003,'用户修改',100,3,'','','',1,0,'F','0','0','system:user:edit','#','admin','2022-01-04 13:17:19','',NULL,''),(1004,'用户删除',100,4,'','','',1,0,'F','0','0','system:user:remove','#','admin','2022-01-04 13:17:19','',NULL,''),(1005,'用户导出',100,5,'','','',1,0,'F','0','0','system:user:export','#','admin','2022-01-04 13:17:19','',NULL,''),(1006,'用户导入',100,6,'','','',1,0,'F','0','0','system:user:import','#','admin','2022-01-04 13:17:19','',NULL,''),(1007,'重置密码',100,7,'','','',1,0,'F','0','0','system:user:resetPwd','#','admin','2022-01-04 13:17:19','',NULL,''),(1008,'角色查询',101,1,'','','',1,0,'F','0','0','system:role:query','#','admin','2022-01-04 13:17:19','',NULL,''),(1009,'角色新增',101,2,'','','',1,0,'F','0','0','system:role:add','#','admin','2022-01-04 13:17:19','',NULL,''),(1010,'角色修改',101,3,'','','',1,0,'F','0','0','system:role:edit','#','admin','2022-01-04 13:17:19','',NULL,''),(1011,'角色删除',101,4,'','','',1,0,'F','0','0','system:role:remove','#','admin','2022-01-04 13:17:19','',NULL,''),(1012,'角色导出',101,5,'','','',1,0,'F','0','0','system:role:export','#','admin','2022-01-04 13:17:19','',NULL,''),(1013,'菜单查询',102,1,'','','',1,0,'F','0','0','system:menu:query','#','admin','2022-01-04 13:17:19','',NULL,''),(1014,'菜单新增',102,2,'','','',1,0,'F','0','0','system:menu:add','#','admin','2022-01-04 13:17:19','',NULL,''),(1015,'菜单修改',102,3,'','','',1,0,'F','0','0','system:menu:edit','#','admin','2022-01-04 13:17:19','',NULL,''),(1016,'菜单删除',102,4,'','','',1,0,'F','0','0','system:menu:remove','#','admin','2022-01-04 13:17:19','',NULL,''),(1017,'部门查询',103,1,'','','',1,0,'F','0','0','system:dept:query','#','admin','2022-01-04 13:17:19','',NULL,''),(1018,'部门新增',103,2,'','','',1,0,'F','0','0','system:dept:add','#','admin','2022-01-04 13:17:19','',NULL,''),(1019,'部门修改',103,3,'','','',1,0,'F','0','0','system:dept:edit','#','admin','2022-01-04 13:17:19','',NULL,''),(1020,'部门删除',103,4,'','','',1,0,'F','0','0','system:dept:remove','#','admin','2022-01-04 13:17:19','',NULL,''),(1021,'岗位查询',104,1,'','','',1,0,'F','0','0','system:post:query','#','admin','2022-01-04 13:17:19','',NULL,''),(1022,'岗位新增',104,2,'','','',1,0,'F','0','0','system:post:add','#','admin','2022-01-04 13:17:19','',NULL,''),(1023,'岗位修改',104,3,'','','',1,0,'F','0','0','system:post:edit','#','admin','2022-01-04 13:17:19','',NULL,''),(1024,'岗位删除',104,4,'','','',1,0,'F','0','0','system:post:remove','#','admin','2022-01-04 13:17:19','',NULL,''),(1025,'岗位导出',104,5,'','','',1,0,'F','0','0','system:post:export','#','admin','2022-01-04 13:17:19','',NULL,''),(1026,'字典查询',105,1,'#','','',1,0,'F','0','0','system:dict:query','#','admin','2022-01-04 13:17:19','',NULL,''),(1027,'字典新增',105,2,'#','','',1,0,'F','0','0','system:dict:add','#','admin','2022-01-04 13:17:19','',NULL,''),(1028,'字典修改',105,3,'#','','',1,0,'F','0','0','system:dict:edit','#','admin','2022-01-04 13:17:19','',NULL,''),(1029,'字典删除',105,4,'#','','',1,0,'F','0','0','system:dict:remove','#','admin','2022-01-04 13:17:19','',NULL,''),(1030,'字典导出',105,5,'#','','',1,0,'F','0','0','system:dict:export','#','admin','2022-01-04 13:17:19','',NULL,''),(1031,'参数查询',106,1,'#','','',1,0,'F','0','0','system:config:query','#','admin','2022-01-04 13:17:19','',NULL,''),(1032,'参数新增',106,2,'#','','',1,0,'F','0','0','system:config:add','#','admin','2022-01-04 13:17:19','',NULL,''),(1033,'参数修改',106,3,'#','','',1,0,'F','0','0','system:config:edit','#','admin','2022-01-04 13:17:19','',NULL,''),(1034,'参数删除',106,4,'#','','',1,0,'F','0','0','system:config:remove','#','admin','2022-01-04 13:17:19','',NULL,''),(1035,'参数导出',106,5,'#','','',1,0,'F','0','0','system:config:export','#','admin','2022-01-04 13:17:19','',NULL,''),(1036,'公告查询',107,1,'#','','',1,0,'F','0','0','system:notice:query','#','admin','2022-01-04 13:17:19','',NULL,''),(1037,'公告新增',107,2,'#','','',1,0,'F','0','0','system:notice:add','#','admin','2022-01-04 13:17:19','',NULL,''),(1038,'公告修改',107,3,'#','','',1,0,'F','0','0','system:notice:edit','#','admin','2022-01-04 13:17:19','',NULL,''),(1039,'公告删除',107,4,'#','','',1,0,'F','0','0','system:notice:remove','#','admin','2022-01-04 13:17:19','',NULL,''),(1040,'操作查询',500,1,'#','','',1,0,'F','0','0','monitor:operlog:query','#','admin','2022-01-04 13:17:19','',NULL,''),(1041,'操作删除',500,2,'#','','',1,0,'F','0','0','monitor:operlog:remove','#','admin','2022-01-04 13:17:19','',NULL,''),(1042,'日志导出',500,4,'#','','',1,0,'F','0','0','monitor:operlog:export','#','admin','2022-01-04 13:17:19','',NULL,''),(1043,'登录查询',501,1,'#','','',1,0,'F','0','0','monitor:logininfor:query','#','admin','2022-01-04 13:17:19','',NULL,''),(1044,'登录删除',501,2,'#','','',1,0,'F','0','0','monitor:logininfor:remove','#','admin','2022-01-04 13:17:19','',NULL,''),(1045,'日志导出',501,3,'#','','',1,0,'F','0','0','monitor:logininfor:export','#','admin','2022-01-04 13:17:19','',NULL,''),(1046,'在线查询',109,1,'#','','',1,0,'F','0','0','monitor:online:query','#','admin','2022-01-04 13:17:19','',NULL,''),(1047,'批量强退',109,2,'#','','',1,0,'F','0','0','monitor:online:batchLogout','#','admin','2022-01-04 13:17:19','',NULL,''),(1048,'单条强退',109,3,'#','','',1,0,'F','0','0','monitor:online:forceLogout','#','admin','2022-01-04 13:17:19','',NULL,''),(1049,'任务查询',110,1,'#','','',1,0,'F','0','0','monitor:job:query','#','admin','2022-01-04 13:17:19','',NULL,''),(1050,'任务新增',110,2,'#','','',1,0,'F','0','0','monitor:job:add','#','admin','2022-01-04 13:17:19','',NULL,''),(1051,'任务修改',110,3,'#','','',1,0,'F','0','0','monitor:job:edit','#','admin','2022-01-04 13:17:19','',NULL,''),(1052,'任务删除',110,4,'#','','',1,0,'F','0','0','monitor:job:remove','#','admin','2022-01-04 13:17:19','',NULL,''),(1053,'状态修改',110,5,'#','','',1,0,'F','0','0','monitor:job:changeStatus','#','admin','2022-01-04 13:17:19','',NULL,''),(1054,'任务导出',110,7,'#','','',1,0,'F','0','0','monitor:job:export','#','admin','2022-01-04 13:17:19','',NULL,''),(1055,'生成查询',115,1,'#','','',1,0,'F','0','0','tool:gen:query','#','admin','2022-01-04 13:17:19','',NULL,''),(1056,'生成修改',115,2,'#','','',1,0,'F','0','0','tool:gen:edit','#','admin','2022-01-04 13:17:19','',NULL,''),(1057,'生成删除',115,3,'#','','',1,0,'F','0','0','tool:gen:remove','#','admin','2022-01-04 13:17:19','',NULL,''),(1058,'导入代码',115,2,'#','','',1,0,'F','0','0','tool:gen:import','#','admin','2022-01-04 13:17:19','',NULL,''),(1059,'预览代码',115,4,'#','','',1,0,'F','0','0','tool:gen:preview','#','admin','2022-01-04 13:17:19','',NULL,''),(1060,'生成代码',115,5,'#','','',1,0,'F','0','0','tool:gen:code','#','admin','2022-01-04 13:17:19','',NULL,''),(2006,'证书管理',3,1,'cer','system/cer/index',NULL,1,0,'C','0','0','system:cer:list','#','admin','2022-01-05 09:28:16','',NULL,'证书管理菜单'),(2007,'证书管理查询',2006,1,'#','',NULL,1,0,'F','0','0','system:cer:query','#','admin','2022-01-05 09:28:16','',NULL,''),(2008,'证书管理新增',2006,2,'#','',NULL,1,0,'F','0','0','system:cer:add','#','admin','2022-01-05 09:28:16','',NULL,''),(2009,'证书管理修改',2006,3,'#','',NULL,1,0,'F','0','0','system:cer:edit','#','admin','2022-01-05 09:28:16','',NULL,''),(2010,'证书管理删除',2006,4,'#','',NULL,1,0,'F','0','0','system:cer:remove','#','admin','2022-01-05 09:28:16','',NULL,''),(2011,'证书管理导出',2006,5,'#','',NULL,1,0,'F','0','0','system:cer:export','#','admin','2022-01-05 09:28:16','',NULL,''),(2012,'CRL管理',1,2,'crl','system/crl/index',NULL,1,0,'C','0','0','','#','admin','2022-03-07 16:32:46','admin','2022-03-11 10:39:05','');
/*!40000 ALTER TABLE `sys_menu` ENABLE KEYS */;
UNLOCK TABLES;

--
-- Table structure for table `sys_notice`
--

DROP TABLE IF EXISTS `sys_notice`;
/*!40101 SET @saved_cs_client     = @@character_set_client */;
/*!50503 SET character_set_client = utf8mb4 */;
CREATE TABLE `sys_notice` (
  `notice_id` int NOT NULL AUTO_INCREMENT COMMENT '公告ID',
  `notice_title` varchar(50) CHARACTER SET utf8 COLLATE utf8_general_ci NOT NULL COMMENT '公告标题',
  `notice_type` char(1) CHARACTER SET utf8 COLLATE utf8_general_ci NOT NULL COMMENT '公告类型（1通知 2公告）',
  `notice_content` longblob COMMENT '公告内容',
  `status` char(1) CHARACTER SET utf8 COLLATE utf8_general_ci DEFAULT '0' COMMENT '公告状态（0正常 1关闭）',
  `create_by` varchar(64) CHARACTER SET utf8 COLLATE utf8_general_ci DEFAULT '' COMMENT '创建者',
  `create_time` datetime DEFAULT NULL COMMENT '创建时间',
  `update_by` varchar(64) CHARACTER SET utf8 COLLATE utf8_general_ci DEFAULT '' COMMENT '更新者',
  `update_time` datetime DEFAULT NULL COMMENT '更新时间',
  `remark` varchar(255) CHARACTER SET utf8 COLLATE utf8_general_ci DEFAULT NULL COMMENT '备注',
  PRIMARY KEY (`notice_id`) USING BTREE
) ENGINE=InnoDB AUTO_INCREMENT=3 DEFAULT CHARSET=utf8mb3 ROW_FORMAT=DYNAMIC COMMENT='通知公告表';
/*!40101 SET character_set_client = @saved_cs_client */;

--
-- Dumping data for table `sys_notice`
--

LOCK TABLES `sys_notice` WRITE;
/*!40000 ALTER TABLE `sys_notice` DISABLE KEYS */;
INSERT INTO `sys_notice` VALUES (1,'温馨提醒：2018-07-01 若依新版本发布啦','2',_binary '新版本内容','0','admin','2022-01-04 13:17:19','',NULL,'管理员'),(2,'维护通知：2018-07-01 若依系统凌晨维护','1',_binary '维护内容','0','admin','2022-01-04 13:17:19','',NULL,'管理员');
/*!40000 ALTER TABLE `sys_notice` ENABLE KEYS */;
UNLOCK TABLES;

--
-- Table structure for table `sys_oper_log`
--

DROP TABLE IF EXISTS `sys_oper_log`;
/*!40101 SET @saved_cs_client     = @@character_set_client */;
/*!50503 SET character_set_client = utf8mb4 */;
CREATE TABLE `sys_oper_log` (
  `oper_id` bigint NOT NULL AUTO_INCREMENT COMMENT '日志主键',
  `title` varchar(50) CHARACTER SET utf8 COLLATE utf8_general_ci DEFAULT '' COMMENT '模块标题',
  `business_type` int DEFAULT '0' COMMENT '业务类型（0其它 1新增 2修改 3删除）',
  `method` varchar(100) CHARACTER SET utf8 COLLATE utf8_general_ci DEFAULT '' COMMENT '方法名称',
  `request_method` varchar(10) CHARACTER SET utf8 COLLATE utf8_general_ci DEFAULT '' COMMENT '请求方式',
  `operator_type` int DEFAULT '0' COMMENT '操作类别（0其它 1后台用户 2手机端用户）',
  `oper_name` varchar(50) CHARACTER SET utf8 COLLATE utf8_general_ci DEFAULT '' COMMENT '操作人员',
  `dept_name` varchar(50) CHARACTER SET utf8 COLLATE utf8_general_ci DEFAULT '' COMMENT '部门名称',
  `oper_url` varchar(255) CHARACTER SET utf8 COLLATE utf8_general_ci DEFAULT '' COMMENT '请求URL',
  `oper_ip` varchar(128) CHARACTER SET utf8 COLLATE utf8_general_ci DEFAULT '' COMMENT '主机地址',
  `oper_location` varchar(255) CHARACTER SET utf8 COLLATE utf8_general_ci DEFAULT '' COMMENT '操作地点',
  `oper_param` varchar(2000) CHARACTER SET utf8 COLLATE utf8_general_ci DEFAULT '' COMMENT '请求参数',
  `json_result` varchar(2000) CHARACTER SET utf8 COLLATE utf8_general_ci DEFAULT '' COMMENT '返回参数',
  `status` int DEFAULT '0' COMMENT '操作状态（0正常 1异常）',
  `error_msg` varchar(2000) CHARACTER SET utf8 COLLATE utf8_general_ci DEFAULT '' COMMENT '错误消息',
  `oper_time` datetime DEFAULT NULL COMMENT '操作时间',
  PRIMARY KEY (`oper_id`) USING BTREE
) ENGINE=InnoDB AUTO_INCREMENT=146 DEFAULT CHARSET=utf8mb3 ROW_FORMAT=DYNAMIC COMMENT='操作日志记录';
/*!40101 SET character_set_client = @saved_cs_client */;

--
-- Dumping data for table `sys_oper_log`
--

LOCK TABLES `sys_oper_log` WRITE;
/*!40000 ALTER TABLE `sys_oper_log` DISABLE KEYS */;
INSERT INTO `sys_oper_log` VALUES (100,'代码生成',6,'com.ruoyi.generator.controller.GenController.importTableSave()','POST',1,'admin',NULL,'/tool/gen/importTable','127.0.0.1','内网IP','certificate','{\"msg\":\"操作成功\",\"code\":200}',0,NULL,'2022-01-04 14:28:05'),(101,'代码生成',2,'com.ruoyi.generator.controller.GenController.editSave()','PUT',1,'admin',NULL,'/tool/gen','127.0.0.1','内网IP','{\"sub\":false,\"functionAuthor\":\"ruoyi\",\"columns\":[{\"capJavaField\":\"Version\",\"usableColumn\":false,\"columnId\":1,\"isIncrement\":\"0\",\"increment\":false,\"insert\":true,\"isList\":\"1\",\"dictType\":\"\",\"required\":true,\"superColumn\":false,\"updateBy\":\"\",\"isInsert\":\"1\",\"isRequired\":\"1\",\"javaField\":\"version\",\"htmlType\":\"input\",\"edit\":false,\"query\":true,\"columnComment\":\"版本号\",\"isQuery\":\"1\",\"sort\":1,\"list\":true,\"params\":{},\"javaType\":\"Long\",\"queryType\":\"EQ\",\"columnType\":\"int(11)\",\"createBy\":\"admin\",\"isPk\":\"0\",\"createTime\":1641277685000,\"tableId\":1,\"pk\":false,\"columnName\":\"version\"},{\"capJavaField\":\"SerialNumber\",\"usableColumn\":false,\"columnId\":2,\"isIncrement\":\"0\",\"increment\":false,\"insert\":true,\"isList\":\"1\",\"dictType\":\"\",\"required\":true,\"superColumn\":false,\"updateBy\":\"\",\"isInsert\":\"1\",\"isRequired\":\"1\",\"javaField\":\"serialNumber\",\"htmlType\":\"input\",\"edit\":false,\"query\":true,\"columnComment\":\"序列号\",\"isQuery\":\"1\",\"sort\":2,\"list\":true,\"params\":{},\"javaType\":\"String\",\"queryType\":\"EQ\",\"columnType\":\"varchar(255)\",\"createBy\":\"admin\",\"isPk\":\"0\",\"createTime\":1641277685000,\"tableId\":1,\"pk\":false,\"columnName\":\"serial_number\"},{\"capJavaField\":\"IssuerDn\",\"usableColumn\":false,\"columnId\":3,\"isIncrement\":\"0\",\"increment\":false,\"insert\":true,\"isList\":\"1\",\"dictType\":\"\",\"required\":true,\"superColumn\":false,\"updateBy\":\"\",\"isInsert\":\"1\",\"isRequired\":\"1\",\"javaField\":\"issuerDn\",\"htmlType\":\"select\",\"edit\":false,\"query\":true,\"columnComment\":\"颁发者\",\"isQuery\":\"1\",\"sort\":3,\"list\":true,\"params\":{},\"javaType\":\"String\",\"queryType\":\"EQ\",\"columnType\":\"varchar(255)\",\"createBy\":\"admin\",\"isPk\":\"0\",\"createTime\":1641277685000,\"tableId\":1,\"pk\":false,\"columnName\":\"issuer_DN\"},{\"capJavaField\":\"StartDate\",\"usableColumn\":false,\"columnId\":4,\"isIncrement\":\"0\",\"increment\":false,\"insert\":true,\"isList\":\"1\",\"dictType\":\"\",\"required\":true,\"superColumn\":false,\"updateBy\":\"\",\"isInsert\":\"1\",\"isRequired\":\"1\",\"javaField\":\"startDate\",\"htmlType\":\"datetime\",\"edit\":false,\"query\":true,\"columnComment\":\"生效时间\",\"isQuery\":\"1\",\"sort\":4,\"list\":true,\"params\":{},\"j','{\"msg\":\"操作成功\",\"code\":200}',0,NULL,'2022-01-04 14:45:40'),(102,'代码生成',8,'com.ruoyi.generator.controller.GenController.batchGenCode()','GET',1,'admin',NULL,'/tool/gen/batchGenCode','127.0.0.1','内网IP','{}',NULL,0,NULL,'2022-01-04 14:45:46'),(103,'菜单管理',2,'com.ruoyi.web.controller.system.SysMenuController.edit()','PUT',1,'admin',NULL,'/system/menu','127.0.0.1','内网IP','{\"visible\":\"0\",\"icon\":\"#\",\"orderNum\":\"1\",\"menuName\":\"证书列表\",\"params\":{},\"parentId\":3,\"isCache\":\"0\",\"path\":\"certificate\",\"component\":\"system/certificate/index\",\"children\":[],\"createTime\":1641279130000,\"updateBy\":\"admin\",\"isFrame\":\"1\",\"menuId\":2000,\"menuType\":\"C\",\"perms\":\"system:certificate:list\",\"status\":\"0\"}','{\"msg\":\"操作成功\",\"code\":200}',0,NULL,'2022-01-04 15:03:05'),(104,'菜单管理',2,'com.ruoyi.web.controller.system.SysMenuController.edit()','PUT',1,'admin',NULL,'/system/menu','127.0.0.1','内网IP','{\"visible\":\"0\",\"icon\":\"#\",\"orderNum\":\"1\",\"menuName\":\"证书列表\",\"params\":{},\"parentId\":0,\"isCache\":\"0\",\"path\":\"certificate\",\"component\":\"system/certificate/index\",\"children\":[],\"createTime\":1641279130000,\"updateBy\":\"admin\",\"isFrame\":\"1\",\"menuId\":2000,\"menuType\":\"C\",\"perms\":\"system:certificate:list\",\"status\":\"0\"}','{\"msg\":\"操作成功\",\"code\":200}',0,NULL,'2022-01-04 15:04:24'),(105,'字典类型',1,'com.ruoyi.web.controller.system.SysDictTypeController.add()','POST',1,'admin',NULL,'/system/dict/type','127.0.0.1','内网IP','{\"createBy\":\"admin\",\"dictName\":\"颁发者\",\"remark\":\"颁发者列表\",\"params\":{},\"dictType\":\"sys_issuers\",\"status\":\"0\"}','{\"msg\":\"操作成功\",\"code\":200}',0,NULL,'2022-01-04 15:40:48'),(106,'字典类型',5,'com.ruoyi.web.controller.system.SysDictTypeController.export()','POST',1,'admin',NULL,'/system/dict/type/export','127.0.0.1','内网IP','{\"params\":{}}',NULL,0,NULL,'2022-01-04 15:41:39'),(107,'字典类型',1,'com.ruoyi.web.controller.system.SysDictTypeController.add()','POST',1,'admin',NULL,'/system/dict/type','127.0.0.1','内网IP','{\"createBy\":\"admin\",\"dictName\":\"使用者\",\"remark\":\"使用者列表\",\"params\":{},\"dictType\":\"sys_subjects\",\"status\":\"0\"}','{\"msg\":\"操作成功\",\"code\":200}',0,NULL,'2022-01-04 15:50:27'),(108,'字典类型',2,'com.ruoyi.web.controller.system.SysDictTypeController.edit()','PUT',1,'admin',NULL,'/system/dict/type','127.0.0.1','内网IP','{\"createBy\":\"admin\",\"createTime\":1641282627000,\"updateBy\":\"admin\",\"dictName\":\"签名算法\",\"remark\":\"签名算法列表\",\"dictId\":101,\"params\":{},\"dictType\":\"sys_signature_algorithm\",\"status\":\"0\"}','{\"msg\":\"操作成功\",\"code\":200}',0,NULL,'2022-01-04 15:51:28'),(109,'代码生成',2,'com.ruoyi.generator.controller.GenController.editSave()','PUT',1,'admin',NULL,'/tool/gen','127.0.0.1','内网IP','{\"sub\":false,\"functionAuthor\":\"ruoyi\",\"columns\":[{\"capJavaField\":\"Version\",\"usableColumn\":false,\"columnId\":1,\"isIncrement\":\"0\",\"increment\":false,\"insert\":true,\"isList\":\"1\",\"dictType\":\"\",\"required\":true,\"superColumn\":false,\"updateBy\":\"\",\"isInsert\":\"1\",\"isRequired\":\"1\",\"javaField\":\"version\",\"htmlType\":\"input\",\"edit\":false,\"query\":true,\"columnComment\":\"版本号\",\"isQuery\":\"1\",\"updateTime\":1641278740000,\"sort\":1,\"list\":true,\"params\":{},\"javaType\":\"Long\",\"queryType\":\"EQ\",\"columnType\":\"int(11)\",\"createBy\":\"admin\",\"isPk\":\"0\",\"createTime\":1641277685000,\"tableId\":1,\"pk\":false,\"columnName\":\"version\"},{\"capJavaField\":\"SerialNumber\",\"usableColumn\":false,\"columnId\":2,\"isIncrement\":\"0\",\"increment\":false,\"insert\":true,\"isList\":\"1\",\"dictType\":\"\",\"required\":true,\"superColumn\":false,\"updateBy\":\"\",\"isInsert\":\"1\",\"isRequired\":\"1\",\"javaField\":\"serialNumber\",\"htmlType\":\"input\",\"edit\":false,\"query\":true,\"columnComment\":\"序列号\",\"isQuery\":\"1\",\"updateTime\":1641278740000,\"sort\":2,\"list\":true,\"params\":{},\"javaType\":\"String\",\"queryType\":\"EQ\",\"columnType\":\"varchar(255)\",\"createBy\":\"admin\",\"isPk\":\"0\",\"createTime\":1641277685000,\"tableId\":1,\"pk\":false,\"columnName\":\"serial_number\"},{\"capJavaField\":\"IssuerDn\",\"usableColumn\":false,\"columnId\":3,\"isIncrement\":\"0\",\"increment\":false,\"insert\":true,\"isList\":\"1\",\"dictType\":\"sys_issuers\",\"required\":true,\"superColumn\":false,\"updateBy\":\"\",\"isInsert\":\"1\",\"isRequired\":\"1\",\"javaField\":\"issuerDn\",\"htmlType\":\"select\",\"edit\":false,\"query\":true,\"columnComment\":\"颁发者\",\"isQuery\":\"1\",\"updateTime\":1641278740000,\"sort\":3,\"list\":true,\"params\":{},\"javaType\":\"String\",\"queryType\":\"EQ\",\"columnType\":\"varchar(255)\",\"createBy\":\"admin\",\"isPk\":\"0\",\"createTime\":1641277685000,\"tableId\":1,\"pk\":false,\"columnName\":\"issuer_DN\"},{\"capJavaField\":\"StartDate\",\"usableColumn\":false,\"columnId\":4,\"isIncrement\":\"0\",\"increment\":false,\"insert\":true,\"isList\":\"1\",\"dictType\":\"\",\"required\":true,\"superColumn\":false,\"updateBy\":\"\",\"isInsert\":\"1\",\"isRequired\":\"1\",\"javaField\":\"startDate\",\"htmlType\":\"datetime\",\"edit\"','{\"msg\":\"操作成功\",\"code\":200}',0,NULL,'2022-01-04 15:51:56'),(110,'代码生成',8,'com.ruoyi.generator.controller.GenController.batchGenCode()','GET',1,'admin',NULL,'/tool/gen/batchGenCode','127.0.0.1','内网IP','{}',NULL,0,NULL,'2022-01-04 20:39:07'),(111,'代码生成',8,'com.ruoyi.generator.controller.GenController.batchGenCode()','GET',1,'admin',NULL,'/tool/gen/batchGenCode','127.0.0.1','内网IP','{}',NULL,0,NULL,'2022-01-04 20:39:34'),(112,'菜单管理',3,'com.ruoyi.web.controller.system.SysMenuController.remove()','DELETE',1,'admin',NULL,'/system/menu/2000','127.0.0.1','内网IP','{menuId=2000}','{\"msg\":\"存在子菜单,不允许删除\",\"code\":500}',0,NULL,'2022-01-04 23:12:22'),(113,'菜单管理',3,'com.ruoyi.web.controller.system.SysMenuController.remove()','DELETE',1,'admin',NULL,'/system/menu/2001','127.0.0.1','内网IP','{menuId=2001}','{\"msg\":\"操作成功\",\"code\":200}',0,NULL,'2022-01-04 23:12:37'),(114,'菜单管理',3,'com.ruoyi.web.controller.system.SysMenuController.remove()','DELETE',1,'admin',NULL,'/system/menu/2002','127.0.0.1','内网IP','{menuId=2002}','{\"msg\":\"操作成功\",\"code\":200}',0,NULL,'2022-01-04 23:12:40'),(115,'菜单管理',3,'com.ruoyi.web.controller.system.SysMenuController.remove()','DELETE',1,'admin',NULL,'/system/menu/2003','127.0.0.1','内网IP','{menuId=2003}','{\"msg\":\"操作成功\",\"code\":200}',0,NULL,'2022-01-04 23:12:44'),(116,'菜单管理',3,'com.ruoyi.web.controller.system.SysMenuController.remove()','DELETE',1,'admin',NULL,'/system/menu/2004','127.0.0.1','内网IP','{menuId=2004}','{\"msg\":\"操作成功\",\"code\":200}',0,NULL,'2022-01-04 23:12:47'),(117,'菜单管理',3,'com.ruoyi.web.controller.system.SysMenuController.remove()','DELETE',1,'admin',NULL,'/system/menu/2005','127.0.0.1','内网IP','{menuId=2005}','{\"msg\":\"操作成功\",\"code\":200}',0,NULL,'2022-01-04 23:12:51'),(118,'菜单管理',3,'com.ruoyi.web.controller.system.SysMenuController.remove()','DELETE',1,'admin',NULL,'/system/menu/2000','127.0.0.1','内网IP','{menuId=2000}','{\"msg\":\"操作成功\",\"code\":200}',0,NULL,'2022-01-04 23:12:55'),(119,'代码生成',3,'com.ruoyi.generator.controller.GenController.remove()','DELETE',1,'admin',NULL,'/tool/gen/1','127.0.0.1','内网IP','{tableIds=1}','{\"msg\":\"操作成功\",\"code\":200}',0,NULL,'2022-01-04 23:13:16'),(120,'代码生成',6,'com.ruoyi.generator.controller.GenController.importTableSave()','POST',1,'admin',NULL,'/tool/gen/importTable','127.0.0.1','内网IP','cer','{\"msg\":\"操作成功\",\"code\":200}',0,NULL,'2022-01-05 09:13:50'),(121,'代码生成',2,'com.ruoyi.generator.controller.GenController.editSave()','PUT',1,'admin',NULL,'/tool/gen','127.0.0.1','内网IP','{\"sub\":false,\"functionAuthor\":\"ruoyi\",\"columns\":[{\"capJavaField\":\"Version\",\"usableColumn\":false,\"columnId\":10,\"isIncrement\":\"0\",\"increment\":false,\"insert\":true,\"isList\":\"1\",\"dictType\":\"\",\"required\":false,\"superColumn\":false,\"updateBy\":\"\",\"isInsert\":\"1\",\"javaField\":\"version\",\"htmlType\":\"input\",\"edit\":false,\"query\":true,\"columnComment\":\"版本号\",\"isQuery\":\"1\",\"sort\":1,\"list\":true,\"params\":{},\"javaType\":\"Long\",\"queryType\":\"EQ\",\"columnType\":\"int(11)\",\"createBy\":\"admin\",\"isPk\":\"0\",\"createTime\":1641345230000,\"tableId\":2,\"pk\":false,\"columnName\":\"version\"},{\"capJavaField\":\"SerialNumber\",\"usableColumn\":false,\"columnId\":11,\"isIncrement\":\"0\",\"increment\":false,\"insert\":true,\"isList\":\"1\",\"dictType\":\"\",\"required\":true,\"superColumn\":false,\"updateBy\":\"\",\"isInsert\":\"1\",\"isRequired\":\"1\",\"javaField\":\"serialNumber\",\"htmlType\":\"input\",\"edit\":false,\"query\":true,\"columnComment\":\"序列号\",\"isQuery\":\"1\",\"sort\":2,\"list\":true,\"params\":{},\"javaType\":\"String\",\"queryType\":\"EQ\",\"columnType\":\"varchar(255)\",\"createBy\":\"admin\",\"isPk\":\"0\",\"createTime\":1641345230000,\"tableId\":2,\"pk\":false,\"columnName\":\"serial_number\"},{\"capJavaField\":\"IssuerDn\",\"usableColumn\":false,\"columnId\":12,\"isIncrement\":\"0\",\"increment\":false,\"insert\":true,\"isList\":\"1\",\"dictType\":\"sys_issuers\",\"required\":true,\"superColumn\":false,\"updateBy\":\"\",\"isInsert\":\"1\",\"isRequired\":\"1\",\"javaField\":\"issuerDn\",\"htmlType\":\"select\",\"edit\":false,\"query\":true,\"columnComment\":\"颁发者\",\"isQuery\":\"1\",\"sort\":3,\"list\":true,\"params\":{},\"javaType\":\"String\",\"queryType\":\"EQ\",\"columnType\":\"varchar(255)\",\"createBy\":\"admin\",\"isPk\":\"0\",\"createTime\":1641345230000,\"tableId\":2,\"pk\":false,\"columnName\":\"issuer_DN\"},{\"capJavaField\":\"StartDate\",\"usableColumn\":false,\"columnId\":13,\"isIncrement\":\"0\",\"increment\":false,\"insert\":true,\"isList\":\"1\",\"dictType\":\"\",\"required\":true,\"superColumn\":false,\"updateBy\":\"\",\"isInsert\":\"1\",\"isRequired\":\"1\",\"javaField\":\"startDate\",\"htmlType\":\"datetime\",\"edit\":false,\"query\":true,\"columnComment\":\"生效时间\",\"isQuery\":\"1\",\"sort\":4,\"list\":true,\"params\":{},\"ja','{\"msg\":\"操作成功\",\"code\":200}',0,NULL,'2022-01-05 09:19:26'),(122,'代码生成',2,'com.ruoyi.generator.controller.GenController.editSave()','PUT',1,'admin',NULL,'/tool/gen','127.0.0.1','内网IP','{\"sub\":false,\"functionAuthor\":\"ruoyi\",\"columns\":[{\"capJavaField\":\"Version\",\"usableColumn\":false,\"columnId\":10,\"isIncrement\":\"0\",\"increment\":false,\"insert\":true,\"isList\":\"1\",\"dictType\":\"\",\"required\":false,\"superColumn\":false,\"updateBy\":\"\",\"isInsert\":\"1\",\"javaField\":\"version\",\"htmlType\":\"input\",\"edit\":false,\"query\":true,\"columnComment\":\"版本号\",\"isQuery\":\"1\",\"updateTime\":1641345566000,\"sort\":1,\"list\":true,\"params\":{},\"javaType\":\"Long\",\"queryType\":\"EQ\",\"columnType\":\"int(11)\",\"createBy\":\"admin\",\"isPk\":\"0\",\"createTime\":1641345230000,\"tableId\":2,\"pk\":false,\"columnName\":\"version\"},{\"capJavaField\":\"SerialNumber\",\"usableColumn\":false,\"columnId\":11,\"isIncrement\":\"0\",\"increment\":false,\"insert\":true,\"isList\":\"1\",\"dictType\":\"\",\"required\":true,\"superColumn\":false,\"updateBy\":\"\",\"isInsert\":\"1\",\"isRequired\":\"1\",\"javaField\":\"serialNumber\",\"htmlType\":\"input\",\"edit\":false,\"query\":true,\"columnComment\":\"序列号\",\"isQuery\":\"1\",\"updateTime\":1641345566000,\"sort\":2,\"list\":true,\"params\":{},\"javaType\":\"String\",\"queryType\":\"EQ\",\"columnType\":\"varchar(255)\",\"createBy\":\"admin\",\"isPk\":\"0\",\"createTime\":1641345230000,\"tableId\":2,\"pk\":false,\"columnName\":\"serial_number\"},{\"capJavaField\":\"IssuerDn\",\"usableColumn\":false,\"columnId\":12,\"isIncrement\":\"0\",\"increment\":false,\"insert\":true,\"isList\":\"1\",\"dictType\":\"sys_issuers\",\"required\":true,\"superColumn\":false,\"updateBy\":\"\",\"isInsert\":\"1\",\"isRequired\":\"1\",\"javaField\":\"issuerDn\",\"htmlType\":\"select\",\"edit\":false,\"query\":true,\"columnComment\":\"颁发者\",\"isQuery\":\"1\",\"updateTime\":1641345566000,\"sort\":3,\"list\":true,\"params\":{},\"javaType\":\"String\",\"queryType\":\"EQ\",\"columnType\":\"varchar(255)\",\"createBy\":\"admin\",\"isPk\":\"0\",\"createTime\":1641345230000,\"tableId\":2,\"pk\":false,\"columnName\":\"issuer_DN\"},{\"capJavaField\":\"StartDate\",\"usableColumn\":false,\"columnId\":13,\"isIncrement\":\"0\",\"increment\":false,\"insert\":true,\"isList\":\"1\",\"dictType\":\"\",\"required\":true,\"superColumn\":false,\"updateBy\":\"\",\"isInsert\":\"1\",\"isRequired\":\"1\",\"javaField\":\"startDate\",\"htmlType\":\"datetime\",\"edit\":false,\"quer','{\"msg\":\"操作成功\",\"code\":200}',0,NULL,'2022-01-05 09:24:29'),(123,'代码生成',8,'com.ruoyi.generator.controller.GenController.batchGenCode()','GET',1,'admin',NULL,'/tool/gen/batchGenCode','127.0.0.1','内网IP','{}',NULL,0,NULL,'2022-01-05 09:24:32'),(124,'代码生成',8,'com.ruoyi.generator.controller.GenController.batchGenCode()','GET',1,'admin',NULL,'/tool/gen/batchGenCode','127.0.0.1','内网IP','{}',NULL,0,NULL,'2022-01-05 09:24:56'),(125,'代码生成',8,'com.ruoyi.generator.controller.GenController.batchGenCode()','GET',1,'admin',NULL,'/tool/gen/batchGenCode','127.0.0.1','内网IP','{}',NULL,0,NULL,'2022-01-05 09:25:28'),(126,'代码生成',2,'com.ruoyi.generator.controller.GenController.editSave()','PUT',1,'admin',NULL,'/tool/gen','127.0.0.1','内网IP','{\"sub\":false,\"functionAuthor\":\"ruoyi\",\"columns\":[{\"capJavaField\":\"Version\",\"usableColumn\":false,\"columnId\":10,\"isIncrement\":\"0\",\"increment\":false,\"insert\":true,\"isList\":\"1\",\"dictType\":\"\",\"required\":false,\"superColumn\":false,\"updateBy\":\"\",\"isInsert\":\"1\",\"javaField\":\"version\",\"htmlType\":\"input\",\"edit\":false,\"query\":true,\"columnComment\":\"版本号\",\"isQuery\":\"1\",\"updateTime\":1641345868000,\"sort\":1,\"list\":true,\"params\":{},\"javaType\":\"Long\",\"queryType\":\"EQ\",\"columnType\":\"int(11)\",\"createBy\":\"admin\",\"isPk\":\"0\",\"createTime\":1641345230000,\"tableId\":2,\"pk\":false,\"columnName\":\"version\"},{\"capJavaField\":\"SerialNumber\",\"usableColumn\":false,\"columnId\":11,\"isIncrement\":\"0\",\"increment\":false,\"insert\":true,\"isList\":\"1\",\"dictType\":\"\",\"required\":true,\"superColumn\":false,\"updateBy\":\"\",\"isInsert\":\"1\",\"isRequired\":\"1\",\"javaField\":\"serialNumber\",\"htmlType\":\"input\",\"edit\":false,\"query\":true,\"columnComment\":\"序列号\",\"isQuery\":\"1\",\"updateTime\":1641345868000,\"sort\":2,\"list\":true,\"params\":{},\"javaType\":\"String\",\"queryType\":\"EQ\",\"columnType\":\"varchar(255)\",\"createBy\":\"admin\",\"isPk\":\"0\",\"createTime\":1641345230000,\"tableId\":2,\"pk\":false,\"columnName\":\"serial_number\"},{\"capJavaField\":\"IssuerDn\",\"usableColumn\":false,\"columnId\":12,\"isIncrement\":\"0\",\"increment\":false,\"insert\":true,\"isList\":\"1\",\"dictType\":\"sys_issuers\",\"required\":true,\"superColumn\":false,\"updateBy\":\"\",\"isInsert\":\"1\",\"isRequired\":\"1\",\"javaField\":\"issuerDn\",\"htmlType\":\"select\",\"edit\":false,\"query\":true,\"columnComment\":\"颁发者\",\"isQuery\":\"1\",\"updateTime\":1641345869000,\"sort\":3,\"list\":true,\"params\":{},\"javaType\":\"String\",\"queryType\":\"EQ\",\"columnType\":\"varchar(255)\",\"createBy\":\"admin\",\"isPk\":\"0\",\"createTime\":1641345230000,\"tableId\":2,\"pk\":false,\"columnName\":\"issuer_DN\"},{\"capJavaField\":\"StartDate\",\"usableColumn\":false,\"columnId\":13,\"isIncrement\":\"0\",\"increment\":false,\"insert\":true,\"isList\":\"1\",\"dictType\":\"\",\"required\":true,\"superColumn\":false,\"updateBy\":\"\",\"isInsert\":\"1\",\"isRequired\":\"1\",\"javaField\":\"startDate\",\"htmlType\":\"datetime\",\"edit\":false,\"quer','{\"msg\":\"操作成功\",\"code\":200}',0,NULL,'2022-01-05 09:26:22'),(127,'代码生成',8,'com.ruoyi.generator.controller.GenController.batchGenCode()','GET',1,'admin',NULL,'/tool/gen/batchGenCode','127.0.0.1','内网IP','{}',NULL,0,NULL,'2022-01-05 09:26:25'),(128,'代码生成',8,'com.ruoyi.generator.controller.GenController.batchGenCode()','GET',1,'admin',NULL,'/tool/gen/batchGenCode','127.0.0.1','内网IP','{}',NULL,0,NULL,'2022-01-05 09:26:47'),(129,'代码生成',2,'com.ruoyi.generator.controller.GenController.editSave()','PUT',1,'admin',NULL,'/tool/gen','127.0.0.1','内网IP','{\"sub\":false,\"functionAuthor\":\"ruoyi\",\"columns\":[{\"capJavaField\":\"Version\",\"usableColumn\":false,\"columnId\":10,\"isIncrement\":\"0\",\"increment\":false,\"insert\":true,\"isList\":\"1\",\"dictType\":\"\",\"required\":false,\"superColumn\":false,\"updateBy\":\"\",\"isInsert\":\"1\",\"javaField\":\"version\",\"htmlType\":\"input\",\"edit\":false,\"query\":false,\"columnComment\":\"版本号\",\"updateTime\":1641345982000,\"sort\":1,\"list\":true,\"params\":{},\"javaType\":\"Long\",\"queryType\":\"EQ\",\"columnType\":\"int(11)\",\"createBy\":\"admin\",\"isPk\":\"0\",\"createTime\":1641345230000,\"tableId\":2,\"pk\":false,\"columnName\":\"version\"},{\"capJavaField\":\"SerialNumber\",\"usableColumn\":false,\"columnId\":11,\"isIncrement\":\"0\",\"increment\":false,\"insert\":true,\"isList\":\"1\",\"dictType\":\"\",\"required\":true,\"superColumn\":false,\"updateBy\":\"\",\"isInsert\":\"1\",\"isRequired\":\"1\",\"javaField\":\"serialNumber\",\"htmlType\":\"input\",\"edit\":false,\"query\":true,\"columnComment\":\"序列号\",\"isQuery\":\"1\",\"updateTime\":1641345982000,\"sort\":2,\"list\":true,\"params\":{},\"javaType\":\"String\",\"queryType\":\"EQ\",\"columnType\":\"varchar(255)\",\"createBy\":\"admin\",\"isPk\":\"0\",\"createTime\":1641345230000,\"tableId\":2,\"pk\":false,\"columnName\":\"serial_number\"},{\"capJavaField\":\"IssuerDn\",\"usableColumn\":false,\"columnId\":12,\"isIncrement\":\"0\",\"increment\":false,\"insert\":true,\"isList\":\"1\",\"dictType\":\"sys_issuers\",\"required\":true,\"superColumn\":false,\"updateBy\":\"\",\"isInsert\":\"1\",\"isRequired\":\"1\",\"javaField\":\"issuerDn\",\"htmlType\":\"select\",\"edit\":false,\"query\":true,\"columnComment\":\"颁发者\",\"isQuery\":\"1\",\"updateTime\":1641345982000,\"sort\":3,\"list\":true,\"params\":{},\"javaType\":\"String\",\"queryType\":\"EQ\",\"columnType\":\"varchar(255)\",\"createBy\":\"admin\",\"isPk\":\"0\",\"createTime\":1641345230000,\"tableId\":2,\"pk\":false,\"columnName\":\"issuer_DN\"},{\"capJavaField\":\"StartDate\",\"usableColumn\":false,\"columnId\":13,\"isIncrement\":\"0\",\"increment\":false,\"insert\":true,\"isList\":\"1\",\"dictType\":\"\",\"required\":true,\"superColumn\":false,\"updateBy\":\"\",\"isInsert\":\"1\",\"isRequired\":\"1\",\"javaField\":\"startDate\",\"htmlType\":\"datetime\",\"edit\":false,\"query\":true,\"colu','{\"msg\":\"操作成功\",\"code\":200}',0,NULL,'2022-01-05 09:44:36'),(130,'代码生成',8,'com.ruoyi.generator.controller.GenController.batchGenCode()','GET',1,'admin',NULL,'/tool/gen/batchGenCode','127.0.0.1','内网IP','{}',NULL,0,NULL,'2022-01-05 09:44:38'),(131,'菜单管理',3,'com.ruoyi.web.controller.system.SysMenuController.remove()','DELETE',1,'admin',NULL,'/system/menu/4','127.0.0.1','内网IP','{menuId=4}','{\"msg\":\"菜单已分配,不允许删除\",\"code\":500}',0,NULL,'2022-01-14 11:55:08'),(132,'菜单管理',2,'com.ruoyi.web.controller.system.SysMenuController.edit()','PUT',1,'admin',NULL,'/system/menu','127.0.0.1','内网IP','{\"visible\":\"1\",\"query\":\"\",\"icon\":\"guide\",\"orderNum\":\"4\",\"menuName\":\"若依官网\",\"params\":{},\"parentId\":0,\"isCache\":\"0\",\"path\":\"http://ruoyi.vip\",\"children\":[],\"createTime\":1641273439000,\"updateBy\":\"admin\",\"isFrame\":\"0\",\"menuId\":4,\"menuType\":\"M\",\"perms\":\"\",\"status\":\"0\"}','{\"msg\":\"操作成功\",\"code\":200}',0,NULL,'2022-01-14 11:55:18'),(133,'菜单管理',2,'com.ruoyi.web.controller.system.SysMenuController.edit()','PUT',1,'admin',NULL,'/system/menu','127.0.0.1','内网IP','{\"visible\":\"1\",\"query\":\"\",\"icon\":\"tool\",\"orderNum\":\"3\",\"menuName\":\"系统工具\",\"params\":{},\"parentId\":0,\"isCache\":\"0\",\"path\":\"tool\",\"children\":[],\"createTime\":1641273439000,\"updateBy\":\"admin\",\"isFrame\":\"1\",\"menuId\":3,\"menuType\":\"M\",\"perms\":\"\",\"status\":\"0\"}','{\"msg\":\"操作成功\",\"code\":200}',0,NULL,'2022-01-14 11:55:24'),(134,'菜单管理',3,'com.ruoyi.web.controller.system.SysMenuController.remove()','DELETE',1,'admin',NULL,'/system/menu/2','127.0.0.1','内网IP','{menuId=2}','{\"msg\":\"存在子菜单,不允许删除\",\"code\":500}',0,NULL,'2022-03-10 14:33:48'),(135,'菜单管理',3,'com.ruoyi.web.controller.system.SysMenuController.remove()','DELETE',1,'admin',NULL,'/system/menu/109','127.0.0.1','内网IP','{menuId=109}','{\"msg\":\"存在子菜单,不允许删除\",\"code\":500}',0,NULL,'2022-03-10 14:33:53'),(136,'菜单管理',3,'com.ruoyi.web.controller.system.SysMenuController.remove()','DELETE',1,'admin',NULL,'/system/menu/111','127.0.0.1','内网IP','{menuId=111}','{\"msg\":\"菜单已分配,不允许删除\",\"code\":500}',0,NULL,'2022-03-10 14:33:57'),(137,'菜单管理',2,'com.ruoyi.web.controller.system.SysMenuController.edit()','PUT',1,'admin',NULL,'/system/menu','127.0.0.1','内网IP','{\"visible\":\"1\",\"query\":\"\",\"icon\":\"monitor\",\"orderNum\":\"2\",\"menuName\":\"系统监控\",\"params\":{},\"parentId\":0,\"isCache\":\"0\",\"path\":\"monitor\",\"children\":[],\"createTime\":1641273439000,\"updateBy\":\"admin\",\"isFrame\":\"1\",\"menuId\":2,\"menuType\":\"M\",\"perms\":\"\",\"status\":\"0\"}','{\"msg\":\"操作成功\",\"code\":200}',0,NULL,'2022-03-10 14:34:12'),(138,'菜单管理',2,'com.ruoyi.web.controller.system.SysMenuController.edit()','PUT',1,'admin',NULL,'/system/menu','127.0.0.1','内网IP','{\"visible\":\"1\",\"query\":\"\",\"icon\":\"tree\",\"orderNum\":\"4\",\"menuName\":\"部门管理\",\"params\":{},\"parentId\":1,\"isCache\":\"0\",\"path\":\"dept\",\"component\":\"system/dept/index\",\"children\":[],\"createTime\":1641273439000,\"updateBy\":\"admin\",\"isFrame\":\"1\",\"menuId\":103,\"menuType\":\"C\",\"perms\":\"system:dept:list\",\"status\":\"0\"}','{\"msg\":\"操作成功\",\"code\":200}',0,NULL,'2022-03-10 14:40:09'),(139,'菜单管理',2,'com.ruoyi.web.controller.system.SysMenuController.edit()','PUT',1,'admin',NULL,'/system/menu','127.0.0.1','内网IP','{\"visible\":\"1\",\"query\":\"\",\"icon\":\"post\",\"orderNum\":\"5\",\"menuName\":\"岗位管理\",\"params\":{},\"parentId\":1,\"isCache\":\"0\",\"path\":\"post\",\"component\":\"system/post/index\",\"children\":[],\"createTime\":1641273439000,\"updateBy\":\"admin\",\"isFrame\":\"1\",\"menuId\":104,\"menuType\":\"C\",\"perms\":\"system:post:list\",\"status\":\"0\"}','{\"msg\":\"操作成功\",\"code\":200}',0,NULL,'2022-03-10 14:40:13'),(140,'菜单管理',2,'com.ruoyi.web.controller.system.SysMenuController.edit()','PUT',1,'admin',NULL,'/system/menu','127.0.0.1','内网IP','{\"visible\":\"1\",\"query\":\"\",\"icon\":\"dict\",\"orderNum\":\"6\",\"menuName\":\"字典管理\",\"params\":{},\"parentId\":1,\"isCache\":\"0\",\"path\":\"dict\",\"component\":\"system/dict/index\",\"children\":[],\"createTime\":1641273439000,\"updateBy\":\"admin\",\"isFrame\":\"1\",\"menuId\":105,\"menuType\":\"C\",\"perms\":\"system:dict:list\",\"status\":\"0\"}','{\"msg\":\"操作成功\",\"code\":200}',0,NULL,'2022-03-10 14:40:17'),(141,'菜单管理',2,'com.ruoyi.web.controller.system.SysMenuController.edit()','PUT',1,'admin',NULL,'/system/menu','127.0.0.1','内网IP','{\"visible\":\"1\",\"query\":\"\",\"icon\":\"edit\",\"orderNum\":\"7\",\"menuName\":\"参数设置\",\"params\":{},\"parentId\":1,\"isCache\":\"0\",\"path\":\"config\",\"component\":\"system/config/index\",\"children\":[],\"createTime\":1641273439000,\"updateBy\":\"admin\",\"isFrame\":\"1\",\"menuId\":106,\"menuType\":\"C\",\"perms\":\"system:config:list\",\"status\":\"0\"}','{\"msg\":\"操作成功\",\"code\":200}',0,NULL,'2022-03-10 14:40:20'),(142,'菜单管理',2,'com.ruoyi.web.controller.system.SysMenuController.edit()','PUT',1,'admin',NULL,'/system/menu','127.0.0.1','内网IP','{\"visible\":\"1\",\"query\":\"\",\"icon\":\"message\",\"orderNum\":\"8\",\"menuName\":\"通知公告\",\"params\":{},\"parentId\":1,\"isCache\":\"0\",\"path\":\"notice\",\"component\":\"system/notice/index\",\"children\":[],\"createTime\":1641273439000,\"updateBy\":\"admin\",\"isFrame\":\"1\",\"menuId\":107,\"menuType\":\"C\",\"perms\":\"system:notice:list\",\"status\":\"0\"}','{\"msg\":\"操作成功\",\"code\":200}',0,NULL,'2022-03-10 14:40:23'),(143,'菜单管理',2,'com.ruoyi.web.controller.system.SysMenuController.edit()','PUT',1,'admin',NULL,'/system/menu','127.0.0.1','内网IP','{\"visible\":\"1\",\"query\":\"\",\"icon\":\"log\",\"orderNum\":\"9\",\"menuName\":\"日志管理\",\"params\":{},\"parentId\":1,\"isCache\":\"0\",\"path\":\"log\",\"component\":\"\",\"children\":[],\"createTime\":1641273439000,\"updateBy\":\"admin\",\"isFrame\":\"1\",\"menuId\":108,\"menuType\":\"M\",\"perms\":\"\",\"status\":\"0\"}','{\"msg\":\"操作成功\",\"code\":200}',0,NULL,'2022-03-10 14:40:26'),(144,'菜单管理',3,'com.ruoyi.web.controller.system.SysMenuController.remove()','DELETE',1,'admin',NULL,'/system/menu/4','127.0.0.1','内网IP','{menuId=4}','{\"msg\":\"菜单已分配,不允许删除\",\"code\":500}',0,NULL,'2022-03-11 10:37:54'),(145,'菜单管理',2,'com.ruoyi.web.controller.system.SysMenuController.edit()','PUT',1,'admin',NULL,'/system/menu','127.0.0.1','内网IP','{\"visible\":\"0\",\"icon\":\"#\",\"orderNum\":\"2\",\"menuName\":\"CRL管理\",\"params\":{},\"parentId\":1,\"isCache\":\"0\",\"path\":\"crl\",\"component\":\"system/crl/index\",\"children\":[],\"createTime\":1646641966000,\"updateBy\":\"admin\",\"isFrame\":\"1\",\"menuId\":2012,\"menuType\":\"C\",\"perms\":\"\",\"status\":\"0\"}','{\"msg\":\"操作成功\",\"code\":200}',0,NULL,'2022-03-11 10:39:06');
/*!40000 ALTER TABLE `sys_oper_log` ENABLE KEYS */;
UNLOCK TABLES;

--
-- Table structure for table `sys_post`
--

DROP TABLE IF EXISTS `sys_post`;
/*!40101 SET @saved_cs_client     = @@character_set_client */;
/*!50503 SET character_set_client = utf8mb4 */;
CREATE TABLE `sys_post` (
  `post_id` bigint NOT NULL AUTO_INCREMENT COMMENT '岗位ID',
  `post_code` varchar(64) CHARACTER SET utf8 COLLATE utf8_general_ci NOT NULL COMMENT '岗位编码',
  `post_name` varchar(50) CHARACTER SET utf8 COLLATE utf8_general_ci NOT NULL COMMENT '岗位名称',
  `post_sort` int NOT NULL COMMENT '显示顺序',
  `status` char(1) CHARACTER SET utf8 COLLATE utf8_general_ci NOT NULL COMMENT '状态（0正常 1停用）',
  `create_by` varchar(64) CHARACTER SET utf8 COLLATE utf8_general_ci DEFAULT '' COMMENT '创建者',
  `create_time` datetime DEFAULT NULL COMMENT '创建时间',
  `update_by` varchar(64) CHARACTER SET utf8 COLLATE utf8_general_ci DEFAULT '' COMMENT '更新者',
  `update_time` datetime DEFAULT NULL COMMENT '更新时间',
  `remark` varchar(500) CHARACTER SET utf8 COLLATE utf8_general_ci DEFAULT NULL COMMENT '备注',
  PRIMARY KEY (`post_id`) USING BTREE
) ENGINE=InnoDB AUTO_INCREMENT=5 DEFAULT CHARSET=utf8mb3 ROW_FORMAT=DYNAMIC COMMENT='岗位信息表';
/*!40101 SET character_set_client = @saved_cs_client */;

--
-- Dumping data for table `sys_post`
--

LOCK TABLES `sys_post` WRITE;
/*!40000 ALTER TABLE `sys_post` DISABLE KEYS */;
INSERT INTO `sys_post` VALUES (1,'ceo','董事长',1,'0','admin','2022-01-04 13:17:19','',NULL,''),(2,'se','项目经理',2,'0','admin','2022-01-04 13:17:19','',NULL,''),(3,'hr','人力资源',3,'0','admin','2022-01-04 13:17:19','',NULL,''),(4,'user','普通员工',4,'0','admin','2022-01-04 13:17:19','',NULL,'');
/*!40000 ALTER TABLE `sys_post` ENABLE KEYS */;
UNLOCK TABLES;

--
-- Table structure for table `sys_role`
--

DROP TABLE IF EXISTS `sys_role`;
/*!40101 SET @saved_cs_client     = @@character_set_client */;
/*!50503 SET character_set_client = utf8mb4 */;
CREATE TABLE `sys_role` (
  `role_id` bigint NOT NULL AUTO_INCREMENT COMMENT '角色ID',
  `role_name` varchar(30) CHARACTER SET utf8 COLLATE utf8_general_ci NOT NULL COMMENT '角色名称',
  `role_key` varchar(100) CHARACTER SET utf8 COLLATE utf8_general_ci NOT NULL COMMENT '角色权限字符串',
  `role_sort` int NOT NULL COMMENT '显示顺序',
  `data_scope` char(1) CHARACTER SET utf8 COLLATE utf8_general_ci DEFAULT '1' COMMENT '数据范围（1：全部数据权限 2：自定数据权限 3：本部门数据权限 4：本部门及以下数据权限）',
  `menu_check_strictly` tinyint(1) DEFAULT '1' COMMENT '菜单树选择项是否关联显示',
  `dept_check_strictly` tinyint(1) DEFAULT '1' COMMENT '部门树选择项是否关联显示',
  `status` char(1) CHARACTER SET utf8 COLLATE utf8_general_ci NOT NULL COMMENT '角色状态（0正常 1停用）',
  `del_flag` char(1) CHARACTER SET utf8 COLLATE utf8_general_ci DEFAULT '0' COMMENT '删除标志（0代表存在 2代表删除）',
  `create_by` varchar(64) CHARACTER SET utf8 COLLATE utf8_general_ci DEFAULT '' COMMENT '创建者',
  `create_time` datetime DEFAULT NULL COMMENT '创建时间',
  `update_by` varchar(64) CHARACTER SET utf8 COLLATE utf8_general_ci DEFAULT '' COMMENT '更新者',
  `update_time` datetime DEFAULT NULL COMMENT '更新时间',
  `remark` varchar(500) CHARACTER SET utf8 COLLATE utf8_general_ci DEFAULT NULL COMMENT '备注',
  PRIMARY KEY (`role_id`) USING BTREE
) ENGINE=InnoDB AUTO_INCREMENT=3 DEFAULT CHARSET=utf8mb3 ROW_FORMAT=DYNAMIC COMMENT='角色信息表';
/*!40101 SET character_set_client = @saved_cs_client */;

--
-- Dumping data for table `sys_role`
--

LOCK TABLES `sys_role` WRITE;
/*!40000 ALTER TABLE `sys_role` DISABLE KEYS */;
INSERT INTO `sys_role` VALUES (1,'超级管理员','admin',1,'1',1,1,'0','0','admin','2022-01-04 13:17:19','',NULL,'超级管理员'),(2,'普通角色','common',2,'2',1,1,'0','0','admin','2022-01-04 13:17:19','',NULL,'普通角色');
/*!40000 ALTER TABLE `sys_role` ENABLE KEYS */;
UNLOCK TABLES;

--
-- Table structure for table `sys_role_menu`
--

DROP TABLE IF EXISTS `sys_role_menu`;
/*!40101 SET @saved_cs_client     = @@character_set_client */;
/*!50503 SET character_set_client = utf8mb4 */;
CREATE TABLE `sys_role_menu` (
  `role_id` bigint NOT NULL COMMENT '角色ID',
  `menu_id` bigint NOT NULL COMMENT '菜单ID',
  PRIMARY KEY (`role_id`,`menu_id`) USING BTREE
) ENGINE=InnoDB DEFAULT CHARSET=utf8mb3 ROW_FORMAT=DYNAMIC COMMENT='角色和菜单关联表';
/*!40101 SET character_set_client = @saved_cs_client */;

--
-- Dumping data for table `sys_role_menu`
--

LOCK TABLES `sys_role_menu` WRITE;
/*!40000 ALTER TABLE `sys_role_menu` DISABLE KEYS */;
INSERT INTO `sys_role_menu` VALUES (2,1),(2,2),(2,3),(2,4),(2,100),(2,101),(2,102),(2,103),(2,104),(2,105),(2,106),(2,107),(2,108),(2,109),(2,110),(2,111),(2,112),(2,113),(2,114),(2,115),(2,116),(2,500),(2,501),(2,1000),(2,1001),(2,1002),(2,1003),(2,1004),(2,1005),(2,1006),(2,1007),(2,1008),(2,1009),(2,1010),(2,1011),(2,1012),(2,1013),(2,1014),(2,1015),(2,1016),(2,1017),(2,1018),(2,1019),(2,1020),(2,1021),(2,1022),(2,1023),(2,1024),(2,1025),(2,1026),(2,1027),(2,1028),(2,1029),(2,1030),(2,1031),(2,1032),(2,1033),(2,1034),(2,1035),(2,1036),(2,1037),(2,1038),(2,1039),(2,1040),(2,1041),(2,1042),(2,1043),(2,1044),(2,1045),(2,1046),(2,1047),(2,1048),(2,1049),(2,1050),(2,1051),(2,1052),(2,1053),(2,1054),(2,1055),(2,1056),(2,1057),(2,1058),(2,1059),(2,1060);
/*!40000 ALTER TABLE `sys_role_menu` ENABLE KEYS */;
UNLOCK TABLES;

--
-- Table structure for table `sys_user`
--

DROP TABLE IF EXISTS `sys_user`;
/*!40101 SET @saved_cs_client     = @@character_set_client */;
/*!50503 SET character_set_client = utf8mb4 */;
CREATE TABLE `sys_user` (
  `user_id` bigint NOT NULL AUTO_INCREMENT COMMENT '用户ID',
  `dept_id` bigint DEFAULT NULL COMMENT '部门ID',
  `user_name` varchar(30) CHARACTER SET utf8 COLLATE utf8_general_ci NOT NULL COMMENT '用户账号',
  `nick_name` varchar(30) CHARACTER SET utf8 COLLATE utf8_general_ci NOT NULL COMMENT '用户昵称',
  `user_type` varchar(2) CHARACTER SET utf8 COLLATE utf8_general_ci DEFAULT '00' COMMENT '用户类型（00系统用户）',
  `email` varchar(50) CHARACTER SET utf8 COLLATE utf8_general_ci DEFAULT '' COMMENT '用户邮箱',
  `phonenumber` varchar(11) CHARACTER SET utf8 COLLATE utf8_general_ci DEFAULT '' COMMENT '手机号码',
  `sex` char(1) CHARACTER SET utf8 COLLATE utf8_general_ci DEFAULT '0' COMMENT '用户性别（0男 1女 2未知）',
  `avatar` varchar(100) CHARACTER SET utf8 COLLATE utf8_general_ci DEFAULT '' COMMENT '头像地址',
  `password` varchar(100) CHARACTER SET utf8 COLLATE utf8_general_ci DEFAULT '' COMMENT '密码',
  `status` char(1) CHARACTER SET utf8 COLLATE utf8_general_ci DEFAULT '0' COMMENT '帐号状态（0正常 1停用）',
  `del_flag` char(1) CHARACTER SET utf8 COLLATE utf8_general_ci DEFAULT '0' COMMENT '删除标志（0代表存在 2代表删除）',
  `login_ip` varchar(128) CHARACTER SET utf8 COLLATE utf8_general_ci DEFAULT '' COMMENT '最后登录IP',
  `login_date` datetime DEFAULT NULL COMMENT '最后登录时间',
  `create_by` varchar(64) CHARACTER SET utf8 COLLATE utf8_general_ci DEFAULT '' COMMENT '创建者',
  `create_time` datetime DEFAULT NULL COMMENT '创建时间',
  `update_by` varchar(64) CHARACTER SET utf8 COLLATE utf8_general_ci DEFAULT '' COMMENT '更新者',
  `update_time` datetime DEFAULT NULL COMMENT '更新时间',
  `remark` varchar(500) CHARACTER SET utf8 COLLATE utf8_general_ci DEFAULT NULL COMMENT '备注',
  PRIMARY KEY (`user_id`) USING BTREE
) ENGINE=InnoDB AUTO_INCREMENT=3 DEFAULT CHARSET=utf8mb3 ROW_FORMAT=DYNAMIC COMMENT='用户信息表';
/*!40101 SET character_set_client = @saved_cs_client */;

--
-- Dumping data for table `sys_user`
--

LOCK TABLES `sys_user` WRITE;
/*!40000 ALTER TABLE `sys_user` DISABLE KEYS */;
INSERT INTO `sys_user` VALUES (1,103,'admin','若依','00','ry@163.com','15888888888','1','','$2a$10$7JB720yubVSZvUI0rEqK/.VqGOZTH.ulu33dHOiBE8ByOhJIrdAu2','0','0','127.0.0.1','2022-03-11 10:21:10','admin','2022-01-04 13:17:19','','2022-03-11 10:21:09','管理员'),(2,105,'ry','若依','00','ry@qq.com','15666666666','1','','$2a$10$7JB720yubVSZvUI0rEqK/.VqGOZTH.ulu33dHOiBE8ByOhJIrdAu2','0','0','127.0.0.1','2022-01-04 13:17:19','admin','2022-01-04 13:17:19','',NULL,'测试员');
/*!40000 ALTER TABLE `sys_user` ENABLE KEYS */;
UNLOCK TABLES;

--
-- Table structure for table `sys_user_post`
--

DROP TABLE IF EXISTS `sys_user_post`;
/*!40101 SET @saved_cs_client     = @@character_set_client */;
/*!50503 SET character_set_client = utf8mb4 */;
CREATE TABLE `sys_user_post` (
  `user_id` bigint NOT NULL COMMENT '用户ID',
  `post_id` bigint NOT NULL COMMENT '岗位ID',
  PRIMARY KEY (`user_id`,`post_id`) USING BTREE
) ENGINE=InnoDB DEFAULT CHARSET=utf8mb3 ROW_FORMAT=DYNAMIC COMMENT='用户与岗位关联表';
/*!40101 SET character_set_client = @saved_cs_client */;

--
-- Dumping data for table `sys_user_post`
--

LOCK TABLES `sys_user_post` WRITE;
/*!40000 ALTER TABLE `sys_user_post` DISABLE KEYS */;
INSERT INTO `sys_user_post` VALUES (1,1),(2,2);
/*!40000 ALTER TABLE `sys_user_post` ENABLE KEYS */;
UNLOCK TABLES;

--
-- Table structure for table `sys_user_role`
--

DROP TABLE IF EXISTS `sys_user_role`;
/*!40101 SET @saved_cs_client     = @@character_set_client */;
/*!50503 SET character_set_client = utf8mb4 */;
CREATE TABLE `sys_user_role` (
  `user_id` bigint NOT NULL COMMENT '用户ID',
  `role_id` bigint NOT NULL COMMENT '角色ID',
  PRIMARY KEY (`user_id`,`role_id`) USING BTREE
) ENGINE=InnoDB DEFAULT CHARSET=utf8mb3 ROW_FORMAT=DYNAMIC COMMENT='用户和角色关联表';
/*!40101 SET character_set_client = @saved_cs_client */;

--
-- Dumping data for table `sys_user_role`
--

LOCK TABLES `sys_user_role` WRITE;
/*!40000 ALTER TABLE `sys_user_role` DISABLE KEYS */;
INSERT INTO `sys_user_role` VALUES (1,1),(2,2);
/*!40000 ALTER TABLE `sys_user_role` ENABLE KEYS */;
UNLOCK TABLES;
/*!40103 SET TIME_ZONE=@OLD_TIME_ZONE */;

/*!40101 SET SQL_MODE=@OLD_SQL_MODE */;
/*!40014 SET FOREIGN_KEY_CHECKS=@OLD_FOREIGN_KEY_CHECKS */;
/*!40014 SET UNIQUE_CHECKS=@OLD_UNIQUE_CHECKS */;
/*!40101 SET CHARACTER_SET_CLIENT=@OLD_CHARACTER_SET_CLIENT */;
/*!40101 SET CHARACTER_SET_RESULTS=@OLD_CHARACTER_SET_RESULTS */;
/*!40101 SET COLLATION_CONNECTION=@OLD_COLLATION_CONNECTION */;
/*!40111 SET SQL_NOTES=@OLD_SQL_NOTES */;

-- Dump completed on 2022-03-11 10:40:15
